{"0": -1.537480348763609e-09, "1": 6.764880760602721e-10, "2": 3.523013653375373e-09, "3": -6.792635239005751e-09, "4": -4.6855089625916224e-09, "5": 1.6437644518099703e-10, "6": 8.58889448950538e-09, "7": 1.300032811350077e-08, "8": -1.6943714985749592e-09, "9": 1.3457052572968253e-09, "10": 1.6142861990718627e-09, "11": -8.066396705100343e-09, "12": 7.195143472780302e-09, "13": 5.805540965932859e-09, "14": -6.551384466174648e-09, "15": 1.7909110036325518e-08, "16": 5.255235027527838e-11, "17": 1.5089814456564071e-09, "18": -2.7786295703560726e-09, "19": -5.4133510810896665e-09, "20": -5.050299735701036e-09, "21": 1.6882809221810402e-09, "22": -6.829824203587187e-09, "23": 2.551786364678177e-10, "24": -6.507842978918654e-09, "25": -1.7176097783649924e-11, "26": -5.2949757425868604e-11, "27": -2.4359224745813812e-09, "28": 7.763140867991791e-10, "29": -4.167601332506592e-09, "30": 2.9246424082442907e-09, "31": 6.001616827209372e-09, "32": 8.896526142079114e-09, "33": 7.758505569770147e-10, "34": 6.063879448049703e-09, "35": -2.3915156523949405e-09, "36": -1.346269227174568e-09, "37": -1.1011044034892059e-08, "38": 5.208993163023645e-10, "39": 9.021579293506943e-09, "40": -3.2366127998215144e-09, "41": -5.267910918246854e-09, "42": 1.7173755906957355e-10, "43": 7.584231931714869e-10, "44": 3.3270410181203414e-09, "45": -3.238163901299676e-09, "46": 1.2115089474164231e-09, "47": 1.2592372190551454e-09, "48": -3.814032418234317e-09, "49": -6.796750384729933e-10, "50": -5.212869060022829e-10, "51": 5.0759527518706715e-09, "52": 1.2792456223660598e-08, "53": -4.98106077760109e-10, "54": -7.53829976132131e-09, "55": -4.234199651488579e-09, "56": -9.62411726354584e-09, "57": -1.4293194852514624e-09, "58": 1.6472794048955075e-10, "59": 1.979363115035479e-09, "60": -3.195722062193998e-09, "61": -4.533727542693766e-10, "62": 7.36392017156029e-09, "63": -1.1930228879450389e-09, "64": -5.372335640588255e-10, "65": 4.04783170523948e-09, "66": 5.465812233373946e-09, "67": -1.5724479418208204e-09, "68": 1.6987262794337932e-09, "69": -2.1679693665288546e-09, "70": 2.62705473352701e-09, "71": -2.789801130994446e-10, "72": 3.7250810665245826e-09, "73": 1.8898534521159804e-09, "74": 5.259608996596721e-09, "75": -6.262227832641576e-10, "76": -4.1485544947234e-09, "77": 5.4579632952946044e-09, "78": -1.7889841379126192e-09, "79": 1.3812731783011123e-09, "80": 8.824809208038409e-10, "81": 2.0044371227927182e-09, "82": -5.524569517134648e-10, "83": -3.5616948799999104e-10, "84": -4.747797549423463e-09, "85": 7.0482535094798515e-09, "86": 4.8724868805492816e-09, "87": -5.996802953517344e-09, "88": -6.33005417353949e-09, "89": -6.967642889738057e-09, "90": 3.796383376501039e-09, "91": 8.970145013061093e-09, "92": -9.26236856180554e-09, "93": 3.494803318048953e-09, "94": 1.4084851271412013e-09, "95": -3.913770630498137e-09, "96": -1.5128259756025386e-11, "97": 1.4222037002936672e-10, "98": 2.5205570942064826e-07, "99": -4.770643031077465e-06, "100": 1.7741712811545837e-06, "101": -9.19279762215397e-07, "102": -4.109206090208324e-05, "103": 8.509908087859933e-05, "104": 0.00011666870821898032, "105": -0.0025992823592805954, "106": 0.019262003669875155, "107": -3.3056603750531615e-05, "108": -4.9681099337606054e-05, "109": -3.586941385850303e-05, "110": 9.007749891429447e-06, "111": 4.361984792674092e-05, "112": -0.00012364535783411252, "113": -3.0844607899892674e-06, "114": 0.00013101586465726935, "115": -0.00015559135993399326, "116": -0.0021866707637759704, "117": -0.001697629867750322, "118": 0.008302826661964984, "119": 0.025041022726867472, "120": 0.0013403444435280123, "121": 0.03368903372124551, "122": -0.004956238089208678, "123": 0.004765359800652072, "124": -0.0016251579006818558, "125": 0.0035218114890478566, "126": 0.0043445443670855595, "127": 0.002354577749606842, "128": -0.0020004273493821143, "129": -0.0003477238497221237, "130": 0.012535756432318731, "131": -0.008947707692822247, "132": 0.012904388556121412, "133": 0.01809050405134277, "134": -0.006412024614871461, "135": -0.03670882470995516, "136": 0.03296570434780781, "137": -0.007707879440011501, "138": 0.004498665287271879, "139": -0.011446688743744545, "140": 0.010565039709160175, "141": 0.017261424612507528, "142": 0.0007467240162014471, "143": 0.011204871399330034, "144": -0.012549240371588905, "145": 0.009605717841150191, "146": -0.000685979034280425, "147": -0.0019334710910620203, "148": 0.005435118935034318, "149": 0.0038724815528015403, "150": 0.02145488296477137, "151": -0.0018464465993121805, "152": 0.015975780413462107, "153": 0.016708156314521033, "154": -0.004286113272503075, "155": 0.007614023441822228, "156": 0.008341574409751955, "157": -0.024887419080228526, "158": 0.004465922482031124, "159": -0.03104590487596525, "160": 0.0017863601878570215, "161": -0.0008619029111979759, "162": -0.0012543751478570702, "163": 0.0022539678189840576, "164": 0.006957619811687775, "165": 0.021072224139626734, "166": -0.0187170329377844, "167": 0.030938685012658975, "168": -0.03666952590455248, "169": -0.0038738611686104777, "170": 0.009996017869586253, "171": 0.005079358901907984, "172": 0.009820164923398489, "173": -0.024348218483922747, "174": -0.01458735558828998, "175": 0.005919474059261404, "176": -0.020708886554317678, "177": 0.031633867418565983, "178": -0.0021533519106686633, "179": 0.02412938044992739, "180": -0.0026629874074254605, "181": 0.007128933647732014, "182": -0.02411483186182655, "183": 0.020490181409846514, "184": 0.0008986270609634256, "185": -0.012916058774128106, "186": -0.02624370297095098, "187": -0.03303203424467402, "188": -0.016733651152181325, "189": 3.059202562616728e-05, "190": -0.0034606429757446195, "191": -0.0182078143000781, "192": -0.008008773189920639, "193": -0.002826538217573951, "194": 0.040906957322524175, "195": 0.013240245707769159, "196": -0.0014836122487217956, "197": 0.013590407316802037, "198": 0.028114816444457152, "199": -0.013461000154307236, "200": 0.0056237905456853225, "201": 0.0002039172938213458, "202": 0.01651500911585344, "203": 0.02545420069151592, "204": 0.010049338866446423, "205": -0.019927230480193982, "206": -0.011627211485857323, "207": -0.00855682449724147, "208": -0.01950133531778585, "209": -0.004641265096509974, "210": 0.010841187042524722, "211": -0.0035048387791392897, "212": 0.019551707328801446, "213": 0.0027902232887545486, "214": 0.018716020234664774, "215": -0.043504460030553346, "216": -0.005237048960926327, "217": -0.016649055231744765, "218": -0.017795648189900176, "219": 0.0010562250981766544, "220": 0.004663601637196358, "221": 0.006628858132982893, "222": -0.02396789862700755, "223": 0.01110447018423278, "224": -0.0024943372081640026, "225": -0.0005718541427377679, "226": -0.013490151969592513, "227": 0.015301830566913152, "228": -0.0016547348338148684, "229": 0.017848393184041758, "230": -0.005486254195987563, "231": 0.014616434127417123, "232": 0.02940512905713396, "233": -0.009133778131921035, "234": -0.008859896715855412, "235": 0.01472693656299647, "236": -0.013712515497366424, "237": 0.009802251411122263, "238": -0.01833660710468009, "239": -0.019161032072163305, "240": -0.012760453914850589, "241": -0.00828337781142676, "242": 0.004982976386570293, "243": 0.0061544758837486085, "244": 0.012644552867505099, "245": 0.018472001876903902, "246": -0.011818405381750509, "247": 0.016469876237685928, "248": -0.03065038587081565, "249": 0.011245179831489538, "250": -0.009155581046725599, "251": 0.01678873895292514, "252": -0.021793249159913843, "253": 0.02400029779782035, "254": 0.01102803996300072, "255": -0.007287257508319402, "256": -0.010179749795376137, "257": -0.006424017985116907, "258": 0.012737403974821988, "259": -0.0030413351381936866, "260": 0.029086103866189792, "261": 0.006704784034567916, "262": -0.020489330671077857, "263": -0.010037465327071194, "264": -0.042635055816497916, "265": 0.03201629822780061, "266": 4.850264821167939e-05, "267": -0.01676557455960601, "268": -0.02021512495304325,