{"0": [-0.03435217978909219, -0.08912138891228957, 0.08958559622809922], "1": [0.008897654235805047, -0.08646077051458691, 0.09330077606141206], "2": [-0.00021172956511408825, -0.1339355106379108, 0.0355974081523365], "3": [-0.0005659522679283546, -0.14334893874572144, 0.026184753330063287], "4": [-7.21934098325272e-05, -0.07910264037368485, 0.05248047455932214], "5": [-7.758666226986843e-07, -0.012795803637910594, 0.017653751523520944], "6": [1.928271000373183e-07, -0.0058919206182772715, 0.010290876759166151], "7": [-1.531790112807574e-07, -0.014387629540076621, 0.020822043102518215], "8": [-2.7269208086044827e-08, -0.00560840961850935, 0.00867392251744449], "9": [-1.0358329471937822e-09, -0.00040253071784575323, 0.0006379117767232323], "10": [1.4634540801417018e-10, 0.000230683497344647, -0.00044060713768367954], "11": [-4.256975327798784e-11, 5.6680914787402004e-05, -0.00011582418889728718], "12": [-1.03536171303098e-09, 3.0384696373675357e-06, -6.347378298174333e-06], "13": [-1.0657218163512283e-09, -1.1192914155383482e-06, 2.981258400341913e-06], "14": [-1.1223748319633131e-09, -2.787263183728905e-07, 8.295089327370331e-07], "15": [-1.3044912927639984e-09, 5.147419444850865e-08, -1.4281404467353376e-07], "16": [-1.3059072434540298e-09, 3.4358452888350044e-09, 1.4876027007448833e-08], "17": [-1.597895898930446e-09, -3.55990596861977e-08, 1.5636280734088182e-07], "18": [-1.5978953715745092e-09, -1.9523823349687497e-08, 8.95939170075799e-08], "19": [-2.415089600527054e-09, -3.76435065063685e-09, 1.1409574798837419e-08], "20": [-2.415089822571659e-09, -1.228840640354889e-09, -1.6683271847339753e-09], "21": [-2.6559760224476037e-09, -1.8462735923430174e-09, 3.05755212814951e-10], "22": [-2.6559800747616436e-09, -2.00756565538196e-09, 8.816177232695566e-10], "23": [-3.9513096405929815e-09, -2.8440287902498085e-09, -1.0025807961611122e-10], "24": [-3.951285548753347e-09, -1.988648190565101e-09, -1.4223794086998254e-09], "25": [-2.1609100342434573e-09, 2.5318384888617373e-10, -1.7892366477312294e-09], "26": [-2.160909923221155e-09, 2.590405528968276e-10, -1.7963912857243969e-09], "27": [-2.0862336025384565e-09, 1.0841613024004104e-09, -2.010474065006207e-09], "28": [-2.0862326588488855e-09, 1.1460721538458785e-09, -2.095048065586802e-09], "29": [-2.2638388663676068e-09, 1.0856068821674114e-10, -2.635432289066486e-09], "30": [-2.2638415031472903e-09, 3.87175430605069e-11, -2.5463333525044263e-09], "31": [-2.2048126935292345e-09, 2.1747005585215362e-10, -2.1817759127129577e-09], "32": [-2.2046247882823167e-09, -1.3225248673975898e-10, -1.6513707623566631e-09], "33": [-2.5456734220608013e-09, -1.2573207891497518e-09, -2.213971228570699e-09], "34": [-2.5477041865062944e-09, -2.2082488754238128e-09, -1.676425234742318e-09], "35": [-2.1805424410548113e-09, -3.624111441502542e-09, 1.3028302464634933e-09], "36": [-2.180545077834495e-09, -3.7940404568059805e-09, 1.5316832246980994e-09], "37": [-2.2829761692211292e-09, -4.0547825375103486e-09, 1.3278873139954683e-09], "38": [-2.2828466061941555e-09, -4.029588912546345e-09, 1.3268614540429269e-09], "39": [-2.1505878466943074e-09, -3.806091164459957e-09, 1.6045437062350842e-09], "40": [-2.1487981116674604e-09, -3.4710131158188773e-09, 1.6090658389034118e-09], "41": [-2.2374530839197604e-09, -3.1666670535779318e-09, 9.089327901445898e-10], "42": [-2.2379400832495122e-09, -3.218838237617483e-09, 8.652957794730298e-10], "43": [-2.3075575616982036e-09, -2.9798505746247983e-09, 3.155095629203686e-10], "44": [-2.3078377264784677e-09, -3.0098522424415464e-09, 2.903658424813216e-10], "45": [-2.4400748366293357e-09, -2.555892289479722e-09, -7.539572022263741e-10], "46": [-2.441445795531294e-09, -2.7027255294909125e-09, -8.768944043113791e-10], "47": [-2.408997917813238e-09, -2.710876370604076e-09, -7.309167715519038e-10], "48": [-2.408575505707944e-09, -2.66539713911218e-09, -6.934833818306174e-10], "49": [-2.4400486908771057e-09, -2.6573781369831906e-09, -8.353065600319454e-10], "50": [-2.4405049092735e-09, -2.7066635044370457e-09, -8.753874430889041e-10], "51": [-2.4072529247742835e-09, -2.7153489040587786e-09, -7.251458322699023e-10], "52": [-2.407467142306885e-09, -2.7392199758446978e-09, -7.427521930836178e-10], "53": [-2.482253402824597e-09, -2.719369410209005e-09, -1.0812685746763862e-09], "54": [-2.483440758593858e-09, -2.846252192267862e-09, -1.188219495018572e-09], "55": [-2.519851743931767e-09, -2.837074894457281e-09, -1.3520936315014609e-09], "56": [-2.5215163013125874e-09, -3.015342489587347e-09, -1.5012617815557405e-09], "57": [-2.362966128321986e-09, -3.055893746384264e-09, -7.865073176072102e-10], "58": [-2.36207362003249e-09, -2.9441685339692825e-09, -7.314187866480637e-10], "59": [-2.408996779834638e-09, -2.9322611144744215e-09, -9.428391678500958e-10], "60": [-2.4098137929584595e-09, -3.034644313615331e-09, -9.932486083608083e-10], "61": [-2.341485644263841e-09, -3.0526916133810644e-09, -6.846335165455741e-10], "62": [-2.3406294957784013e-09, -2.946284896609974e-09, -6.312078915104991e-10], "63": [-2.3624998901627947e-09, -2.941649507315347e-09, -7.287696418556422e-10], "64": [-2.362264911459633e-09, -2.9111690280636537e-09, -7.149780906212655e-10], "65": [-2.4019543298781088e-09, -2.8897561565877083e-09, -9.059021033319681e-10], "66": [-2.401193716083938e-09, -2.808271906684645e-09, -8.532607953526394e-10], "67": [-2.4701210799005224e-09, -2.9013462049531924e-09, -1.0458358623566255e-09], "68": [-2.4705498480326327e-09, -2.9603786783072294e-09, -1.0823299478879278e-09], "69": [-2.475747884478352e-09, -2.981413879665773e-09, -1.0801386729486495e-09], "70": [-2.474971255717051e-09, -2.8805367674467064e-09, -1.0384166304611142e-09], "71": [-2.5620207344534407e-09, -3.233083162301753e-09, -1.0013408713316352e-09], "72": [-2.563183360004828e-09, -3.3848171904216073e-09, -1.062750748515029e-09], "73": [-2.5581837759247605e-09, -3.365173764646734e-09, -1.0640634207081945e-09], "74": [-2.5578700824091527e-09, -3.329890321812634e-09, -1.0393114424633865e-09], "75": [-2.5693328575826513e-09, -3.3935606130741647e-09, -1.0130516980844106e-09], "76": [-2.5694645022777962e-09, -3.409937762710591e-09, -1.0212620193961186e-09], "77": [-2.624971406905985e-09, -3.754458216542744e-09, -8.440009247046021e-10], "78": [-2.6258290819480834e-09, -3.865006620307199e-09, -8.915493343586434e-10], "79": [-2.5790303226358446e-09, -3.5640112389101475e-09, -1.0577307640868838e-09], "80": [-2.5790303226358446e-09, -3.564016401447212e-09, -1.0577187181670666e-09], "81": [-2.5664996794461103e-09, -3.4833993606264713e-09, -1.1022673190863586e-09], "82": [-2.5664996516905347e-09, -3.483399221848593e-09, -1.1022673884752976e-09], "83": [-2.529796844230603e-09, -3.24726955047705e-09, -1.2327562720626517e-09], "84": [-2.5297968719861785e-09, -3.247270979889194e-09, -1.2327569104408909e-09], "85": [-2.5064843534039483e-09, -3.0971930575773854e-09, -1.3155936340325525e-09], "86": [-2.5064869901836317e-09, -3.097536657725719e-09, -1.315733827444987e-09], "87": [-2.5255994240414026e-09, -3.217563715463001e-09, -1.2463178267196895e-09], "88": [-2.5252348268001157e-09, -3.170118265116706e-09, -1.2268968757611631e-09], "89": [-2.4354503691537133e-09, -2.182800190597689e-09, -1.3415502042590788e-09], "90": [-2.435450313642562e-09, -2.1828000101864475e-09, -1.3415512867265278e-09], "91": [-2.435337015382899e-09, -2.181554215052728e-09, -1.3416959487866364e-09], "92": [-2.435337015382899e-09, -2.1815540901526376e-09, -1.3416968092094805e-09], "93": [-2.4855227598319374e-09, -2.733434242840893e-09, -1.2776092683797202e-09], "94": [-2.4855227320763618e-09, -2.7334344093743468e-09, -1.2776082553012102e-09], "95": [-2.4541519094700703e-09, -2.3884541150431815e-09, -1.3176693625105429e-09], "96": [-2.4541519094700703e-09, -2.388454281576635e-09, -1.3176684743321232e-09], "97": [-2.3979919439032216e-09, -1.7708703115015823e-09, -1.3893855232982588e-09], "98": [-2.3979919439032216e-09, -1.770870186601492e-09, -1.389386231065437e-09]}