{"0": [-0.030889280314913115, -0.09319338298711664, 0.0904304902878128], "1": [0.006505394973971151, -0.09021304582739328, 0.09319549029169681], "2": [-0.0007200729714191556, -0.12858125827647818, 0.06233816605608282], "3": [-0.0005197564199793947, -0.12285248272684007, 0.06603572081145803], "4": [-5.6213683228806266e-05, -0.06433460470682577, 0.08283529264816006], "5": [-3.005662909921769e-06, -0.030401363251881336, 0.05902193217635081], "6": [-2.0830101005175905e-07, -0.015086898632846998, 0.03410905474372314], "7": [-1.7121602260972146e-07, -0.014402004542513294, 0.0328176802750037], "8": [-4.1964426211738015e-08, -0.0074608777681814675, 0.018081452683024773], "9": [-3.5025831957025133e-09, -0.001307759121401117, 0.003300763641911314], "10": [2.5632709843570467e-10, 0.0005000150445633456, -0.0016423601753492167], "11": [1.4168305417783245e-11, 0.00023488433722956836, -0.0008166302944304094], "12": [-1.244980452064226e-09, 6.921761670219961e-07, 1.0594049033862962e-06], "13": [-1.2594798537435281e-09, -9.133204598207878e-06, 3.8784544603251425e-05], "14": [-1.5754977045201457e-09, -1.6237620292652855e-06, 7.467466389646238e-06], "15": [-1.5753344739799502e-09, -2.00212404696809e-07, 9.80536994182879e-07], "16": [-1.428482360177341e-09, 8.979532908903742e-09, -8.249068672583348e-08], "17": [-1.4302695972023827e-09, 3.860843546255044e-08, -2.484233946331571e-07], "18": [-1.0813374640150641e-09, 1.7817226777294692e-08, -1.169454406091397e-07], "19": [-1.081389616741646e-09, 3.368569007067279e-09, -1.861972177830129e-08], "20": [-1.3782752439350787e-09, -2.9498389841897676e-11, 2.1748191858517174e-09], "21": [-1.3741643378750723e-09, 5.887620946332106e-11, 1.8363193604598038e-09], "22": [-1.4537680781412377e-09, 1.7145670994089812e-10, 1.3931379799769772e-09], "23": [-1.4889998956046924e-09, 2.6671664876687373e-10, 8.076329882644728e-10], "24": [-1.2032344010037832e-09, 3.5386249486180077e-10, 4.167759887208078e-10], "25": [-1.2155707829197837e-09, 3.084169863942776e-10, 4.442379797353624e-10], "26": [-4.898939864883545e-10, -7.272712293504568e-10, 1.237245722540692e-10], "27": [-6.041592504058002e-10, -1.6803423930067396e-09, 2.0513325760251888e-10], "28": [-1.7388938899909334e-09, -2.5849917345555085e-09, 7.850938787967721e-10], "29": [-1.8070547003201654e-09, -3.9744772473149226e-09, 5.626376309297854e-10], "30": [-1.1459258264512329e-09, -3.7108982553490932e-09, 2.844391389089651e-11], "31": [-1.1473496319691634e-09, -3.6442648065904137e-09, 3.934665093741074e-11], "32": [-1.3290243905395016e-10, -3.933616959939101e-09, 2.3164967166700023e-10], "33": [-4.665898223343845e-11, -4.180370966055946e-09, 2.618979810797839e-09], "34": [-1.3330208603612448e-09, -3.0429193886849504e-09, 3.0985920496107155e-09], "35": [-1.2905156110409877e-09, -2.2743871785912972e-09, 2.334106768975275e-09], "36": [-5.434937777604176e-10, -2.3132322168883945e-09, 2.359391848560932e-09], "37": [-5.448984319311734e-10, -2.4218214517146563e-09, 2.422914813227095e-09], "38": [-2.1937121563730955e-10, -2.442713448180811e-09, 2.413141492185744e-09], "39": [-1.9310408827521996e-10, -2.5113508772545146e-09, 2.684644007100445e-09], "40": [-2.2573909408407644e-10, -2.483133421105066e-09, 2.702782914143498e-09], "41": [-2.2572685387522995e-10, -2.3979043473065786e-09, 2.553173061858871e-09], "42": [-2.241820895587665e-10, -2.3992289960306223e-09, 2.5522851332393515e-09], "43": [-2.2417312450784266e-10, -2.3365389623108967e-09, 2.441878255154961e-09], "44": [-2.1586113452265465e-10, -2.3436632357043408e-09, 2.437088184037428e-09], "45": [-2.1587745480111664e-10, -2.457737763306156e-09, 2.6378291495543493e-09], "46": [-1.5181919610363082e-10, -2.512653529684883e-09, 2.6009588927067284e-09], "47": [-1.5181220169857568e-10, -2.463775627958853e-09, 2.5149653748446354e-09], "48": [3.319880759189431e-10, -2.8783657679554153e-09, 2.2358934009814035e-09], "49": [3.3195193815949153e-10, -3.114414753868644e-09, 2.6394480212577065e-09], "50": [3.618218225032166e-10, -3.1363757702074224e-09, 2.614505223430541e-09], "51": [3.6181360685283437e-10, -3.144628279994066e-09, 2.6140136444308126e-09], "52": [2.2531052024099552e-10, -3.029887757355354e-09, 2.6981085976540697e-09], "53": [2.2532889443205306e-10, -2.998569170742371e-09, 2.6753778081811674e-09], "54": [-7.785505573565388e-11, -2.752830824404029e-09, 2.8681926000917457e-09], "55": [-7.782771649367248e-11, -2.6055439750205522e-09, 2.6319894042003966e-09], "56": [1.97896254938712e-10, -2.7291582049837615e-09, 2.417154823519674e-09], "57": [1.9757048774771135e-10, -2.7685283648937187e-09, 2.3996835629702673e-09], "58": [-2.7596067098123456e-10, -2.9490725694802933e-09, 2.3350594791082813e-09], "59": [-2.5789256841157737e-10, -2.8550002917349104e-09, 2.4182199298561358e-09], "60": [2.4912896745554747e-10, -2.4645096657893717e-09, 2.645739516360379e-09], "61": [2.4912896745554747e-10, -2.4643019291836765e-09, 2.6451858758935742e-09], "62": [4.4841150237395766e-10, -2.312117108882461e-09, 2.737150200937677e-09], "63": [4.484100035728744e-10, -2.323301495632535e-09, 2.756411737747655e-09], "64": [3.2464422816680383e-10, -2.466685550261971e-09, 2.777971949696756e-09], "65": [3.2464422816680383e-10, -2.4646801544125907e-09, 2.773753476903451e-09], "66": [5.847975437234254e-10, -2.1849350662073164e-09, 2.763663603522204e-09], "67": [5.847976269901523e-10, -2.178939403907343e-09, 2.7509759192856365e-09], "68": [1.1203423466721318e-09, -1.6291717697125563e-09, 2.7933056145901247e-09], "69": [1.1203423466721318e-09, -1.6309624345511864e-09, 2.7990861573012893e-09], "70": [9.270690048968078e-10, -1.8297572901282422e-09, 2.7848895134408025e-09], "71": [9.27069060407959e-10, -1.8291873987719143e-09, 2.7830499016445742e-09], "72": [1.2845623731383427e-09, -1.4614754129116392e-09, 2.8092834031268055e-09], "73": [1.2845623731383427e-09, -1.462427956511192e-09, 2.8123520456890816e-09], "74": [5.812380299285991e-10, -2.1859212356867275e-09, 2.7610121411392186e-09], "75": [5.812379744174478e-10, -2.1854481002669957e-09, 2.7595139229230625e-09], "76": [-2.748385685702459e-10, -3.0662698491390472e-09, 2.697780374094627e-09], "77": [-2.748385685702459e-10, -3.0658183491905078e-09, 2.69672935371279e-09], "78": [-2.2326668291938745e-10, -3.0541109086179574e-09, 2.675994814627103e-09], "79": [-2.224882222900959e-10, -2.9558349934344363e-09, 2.704208343362602e-09], "80": [-7.556499315164444e-10, -3.0509711285153784e-09, 2.900401419037024e-09], "81": [-7.558071946078826e-10, -3.0708211945507102e-09, 2.89470374059686e-09], "82": [-2.411530142243379e-10, -2.979040819584e-09, 2.705378060463559e-09], "83": [-2.396893239442477e-10, -2.794105821712911e-09, 2.75884790013059e-09], "84": [-6.552829945327687e-10, -2.90645264799938e-09, 3.0742609014033917e-09], "85": [-6.567537347290653e-10, -3.0520829474856015e-09, 3.0434710585058866e-09], "86": [-3.838518114473999e-10, -3.030756312583094e-09, 2.9075977459047664e-09], "87": [-3.7390202045628484e-10, -3.0055432309605834e-09, 2.948829014304266e-09], "88": [7.652128930502045e-11, -2.727211151354325e-09, 2.8927968354075517e-09], "89": [7.652126154944483e-11, -2.7275472713750304e-09, 2.8938896695640537e-09], "90": [7.176684246879006e-11, -2.9311116173103002e-09, 2.9003336537991586e-09], "91": [7.176662042418513e-11, -2.931015513629731e-09, 2.9000313261917654e-09], "92": [6.598557811265948e-11, -3.1765554076024216e-09, 2.911337629307731e-09], "93": [6.543801611691435e-11, -3.176870225218842e-09, 2.912454277748111e-09], "94": [4.6120690599948944e-11, -3.0528546635100184e-09, 2.9071927920565344e-09], "95": [4.612071835552456e-11, -3.0514208382292907e-09, 2.9026814285515457e-09], "96": [3.193972863968497e-11, -2.9603812179423983e-09, 2.8988189904044503e-09], "97": [3.1939700884109357e-11, -2.9592373829157026e-09, 2.895219897158796e-09], "98": [6.312483868953223e-11, -3.1594422217340323e-09, 2.9037138943310836e-09]}