{"0": [0.23810357665892126, -0.20116148626124317, 0.04737358351255422], "1": [0.007165880399817859, -0.20932005001221551, 0.054099986792674276], "2": [0.0018551590942478269, -0.1992104099360979, 0.044005520085050535], "3": [0.00146547775653888, -0.19345982086682134, 0.040078770556895356], "4": [0.0003005431069589837, -0.08702814738269404, 0.03453872864073675], "5": [-5.386337583013212e-06, 0.044721445043110375, 0.13995966839764168], "6": [-6.0975236684246426e-06, 0.04604828995043456, 0.1424903163173273], "7": [-5.155709531523556e-07, 0.009101502047757587, 0.032385964184862975], "8": [2.732452764053761e-09, -0.000854468660017621, -0.007560570649189968], "9": [4.920849672185312e-09, -0.000970876852413427, -0.00818534638497568], "10": [-4.35796398967625e-10, -0.00023089510557086634, -0.0025550215840837373], "11": [-5.667324942670859e-10, -4.5657997695930375e-05, -0.0006468633476515925], "12": [2.3992774988990107e-09, -1.0182271386355302e-05, -0.00013993540706982305], "13": [1.905497315490834e-09, 4.017411475182309e-06, 0.00014926739961303864], "14": [2.2359690210471683e-09, 2.4369403411605983e-06, 0.00010296712559718091], "15": [2.412676114449397e-09, 5.477061694736385e-07, 2.4289515517833538e-05], "16": [3.0766764136380687e-09, -2.058524380676996e-07, -1.832876178498727e-05], "17": [6.420730613854175e-10, -8.098819254120926e-08, -8.707248103041743e-06], "18": [-5.519920631691377e-10, -4.637418310471375e-09, -1.5741800174148834e-06], "19": [-3.6909019729414183e-09, 5.059004465346462e-09, -2.211203741497858e-07], "20": [-3.6373514755716485e-09, 4.755396826316982e-09, -5.966086930042636e-10], "21": [-3.43144784809013e-09, 4.7509307321558225e-09, 6.186928962204075e-09], "22": [-3.4013157845791397e-09, 4.154190741401109e-09, -2.2834568472185346e-09], "23": [-2.8699406739995936e-09, 4.152500870935327e-09, -3.4707245480380955e-09], "24": [-2.841786250762368e-09, 3.760854100365307e-09, -2.562586767784758e-09], "25": [-1.5750546422665934e-09, 3.848049962007494e-09, -2.4780601112772693e-09], "26": [-1.5711792422656856e-09, 3.764584394216897e-09, -2.439800923792479e-09], "27": [-5.764800303786899e-10, 3.886528487928587e-09, -2.184257601178796e-09], "28": [-5.502510669330718e-10, 3.2845894060162806e-09, -2.3405852880853395e-09], "29": [1.1076964345768658e-09, 3.1891865259758845e-09, -2.5335606182452786e-09], "30": [1.1564960655796597e-09, 3.017824073969777e-09, -2.0411842216461196e-09], "31": [1.1561924195824247e-09, 3.0661996552883153e-09, -1.999708801325717e-09], "32": [1.157077267333051e-09, 2.9301165382911165e-09, -2.0928485056082025e-09], "33": [1.1642684594193042e-09, 2.7339227270939404e-09, -2.2405430497030032e-09], "34": [1.1641879127388677e-09, 2.7183163220367845e-09, -2.3338824414742554e-09], "35": [1.145555594828096e-09, 3.1789664511894244e-09, -2.0930176133915346e-09], "36": [1.1628923934914326e-09, 3.1292259339288364e-09, -2.31136577238944e-09], "37": [1.2242218905278435e-09, 3.2436429653337484e-09, -2.3788317218831345e-09], "38": [1.2242073466062209e-09, 3.2960704443585342e-09, -2.2404232358219645e-09], "39": [1.4114507340678983e-09, 3.736170123280758e-09, -2.3335922499923e-09], "40": [1.4117283453352059e-09, 3.3979411229179135e-09, -2.6654938811709883e-09], "41": [1.5009574139135395e-09, 3.5766083150701178e-09, -2.6405873390644707e-09], "42": [1.5009574694246908e-09, 3.5737317827244652e-09, -2.656681923063342e-09], "43": [1.1358549101281312e-09, 2.860097658707872e-09, -2.658890115025958e-09], "44": [1.135857241596483e-09, 2.8104079896618117e-09, -2.867277533458168e-09], "45": [1.2340361510432274e-09, 2.963257389465568e-09, -2.9865942080542496e-09], "46": [1.2340364841101348e-09, 2.9556283254184024e-09, -3.0271123038771997e-09], "47": [1.0805747963082979e-09, 2.711492919083014e-09, -2.8726051190530733e-09], "48": [1.0805510930467221e-09, 2.7394035373440317e-09, -2.7744923095096574e-09], "49": [9.415703217108273e-10, 2.633072593294372e-09, -2.4032132048268373e-09], "50": [9.421853852664697e-10, 2.241194979601957e-09, -2.8894529338630015e-09], "51": [7.14098891130277e-10, 1.934870458297766e-09, -2.4320752980977467e-09], "52": [6.69075517212292e-10, 1.9823556685061305e-09, -2.363527797089038e-09], "53": [1.7181034372981685e-09, 1.582341424555267e-09, -1.7140194888409788e-09], "54": [1.8313819349913274e-09, 1.9651554550303985e-09, -1.2624054232523996e-09], "55": [2.18557588693713e-09, 1.660800219571712e-09, -1.0677640022160872e-09], "56": [2.1850650733235e-09, 1.986413561416711e-09, -6.635577573521623e-10], "57": [2.222723061162668e-09, 1.9540558615638304e-09, -6.428263546465196e-10], "58": [1.6923859535999952e-09, 1.296065393896484e-09, -1.348260329769868e-09], "59": [1.6849092121518083e-09, 1.421707945814532e-09, -1.4333982958913971e-09], "60": [2.188919656642696e-09, 2.1378312453634862e-09, -6.604499447337986e-10], "61": [2.1976919728494693e-09, 2.0629933317195537e-09, -6.067592331349125e-10], "62": [3.689712479992835e-09, 3.0814700513470683e-09, 4.390832350487095e-10], "63": [3.747118115793313e-09, 3.1019740387439043e-09, 4.6558238514515793e-10], "64": [4.035340672725596e-09, 3.5926076835668397e-09, 7.76160163917794e-10], "65": [3.991895869415174e-09, 3.6752802468065227e-09, 6.934064641916926e-10], "66": [3.7915361961182725e-09, 3.4262354342562418e-09, 4.253233321094285e-10], "67": [3.821391814096131e-09, 3.3690987777390546e-09, 4.808925341270864e-10], "68": [4.271739850736367e-09, 3.913025486967925e-09, 1.0308301781614126e-09], "69": [4.074772186335451e-09, 4.2585316661902795e-09, 5.379909642777569e-10], "70": [3.940528070511817e-09, 4.08918779393197e-09, 3.4439030099919776e-10], "71": [3.871853782033696e-09, 4.22040066783147e-09, 2.1408928796429194e-10], "72": [2.9439310433865273e-09, 3.1158908508910343e-09, -8.670030041124654e-10], "73": [2.9752779684422137e-09, 3.0273202000774546e-09, -8.96812554773696e-10], "74": [2.6248865303557523e-09, 2.766535917020363e-09, -1.0349771456530377e-09], "75": [2.6572024025561802e-09, 2.678681387813242e-09, -1.0582699092043235e-09], "76": [2.6582403500619023e-09, 2.3294002005069814e-09, -1.2981162741954044e-09], "77": [2.760542239244046e-09, 1.9860950939420974e-09, -1.3133939560927566e-09], "78": [2.7600020602314146e-09, 1.974804736404323e-09, -1.3743681123723483e-09], "79": [2.6060263946803275e-09, 2.3515625557912756e-09, -1.2674984950500345e-09], "80": [2.6040438694252543e-09, 2.4709908286180138e-09, -1.2244837435670952e-09], "81": [2.9096824394336807e-09, 3.1974099201637074e-09, -1.5554751583990445e-09], "82": [2.8456881295824132e-09, 3.5991643276833685e-09, -1.8591591322003609e-09], "83": [3.2217191692218705e-09, 3.6214610199536423e-09, -1.9810834708811065e-09], "84": [3.198121933944975e-09, 3.966779904551743e-09, -2.2429121684930386e-09], "85": [1.7442324806715703e-09, 3.880564980462964e-09, -1.7715297631615279e-09], "86": [1.7947755504010843e-09, 3.140921439603872e-09, -1.2107273031358723e-09], "87": [2.919194330708308e-09, 3.207592552678662e-09, -1.5753192361689372e-09], "88": [2.9165638237849123e-09, 3.246087093566885e-09, -1.6045072215309375e-09], "89": [3.1494377661367423e-09, 3.2598981014597683e-09, -1.6800047672460572e-09], "90": [3.1354556728757643e-09, 3.4645112056974625e-09, -1.8351375696834538e-09], "91": [2.668297527375074e-09, 3.4368196066836276e-09, -1.683625842907599e-09], "92": [2.6381034579081586e-09, 3.87866697093564e-09, -2.018699180039718e-09], "93": [1.3696825340581142e-09, 3.803377390809715e-09, -1.6077177714124424e-09], "94": [1.3892674233240143e-09, 3.516759994326435e-09, -1.3904740900350099e-09], "95": [1.1395700494354344e-09, 3.501985174070299e-09, -1.309384732584018e-09], "96": [1.1132312294215296e-09, 3.887390215284725e-09, -1.6018212797841436e-09], "97": [9.57214862928879e-11, 3.826796046713099e-09, -1.2729339665673578e-09], "98": [1.3286943767454318e-10, 3.2830655694038313e-09, -8.613548971303508e-10]}