{"0": [-0.09066840707814944, -0.21790023538103045, -0.05893768156625962], "1": [-0.0005952387947782412, -0.2113141628068698, -0.052494978345446086], "2": [-0.0024859963012975883, -0.22662444977668655, -0.06321461200637302], "3": [-0.0006774223077292696, -0.14520513985697153, -0.03366690977568945], "4": [-4.759138122117923e-05, -0.010489547705303415, -0.08128776407710356], "5": [5.9896360665168125e-06, 0.03893819581424551, -0.16209290017288855], "6": [1.84125565422244e-06, 0.023133353690607372, -0.10864570108315849], "7": [5.106258144094156e-08, 0.00041464407811800386, 0.004883328234867056], "8": [-1.3660192255127157e-08, -0.0019298742342361563, 0.0206783616330126], "9": [-2.0053788074569923e-09, -0.000644394216140598, 0.008579205544229439], "10": [-2.4099306439318013e-09, -5.591478676536532e-05, 0.0009285559026730242], "11": [-2.3869629051098684e-09, -5.423215199140685e-07, -2.996532601996088e-05], "12": [-2.3571867235894217e-09, 4.34779452163081e-07, -5.4436129913792985e-05], "13": [-2.3570390639271466e-09, 1.92655529657193e-06, -0.00010860142155886404], "14": [-2.005894339518477e-09, 8.4894104568356e-07, -5.487820485657047e-05], "15": [-2.0266952005520977e-09, 4.3051943732219655e-08, 4.183698514709233e-08], "16": [-2.554564060286424e-09, -9.773075396179998e-08, 1.3605952814459144e-05], "17": [-2.592625059083531e-09, -2.6628136418072046e-08, 4.26104609271144e-06], "18": [-4.291253130617179e-09, -4.810609410821343e-09, 3.6370265931590096e-07], "19": [-4.290909516591057e-09, -2.7053347895211743e-09, -1.260517024093133e-08], "20": [-4.161807953817487e-09, -2.512198588044967e-09, -3.494518359403731e-08], "21": [-4.161651745437922e-09, -2.450013913968263e-09, -2.21028036359594e-08], "22": [-2.9991854000321894e-09, -1.6202275632259955e-09, -9.473737447307506e-09], "23": [-2.999830328587194e-09, -2.051062653052327e-09, -5.1377215745662674e-09], "24": [-3.782210544756026e-09, -2.665512255362046e-09, -4.645877342557281e-09], "25": [-3.782023028087167e-09, -2.618522648711874e-09, -4.127282376975572e-09], "26": [-2.8945255081680443e-09, -1.315560882453326e-09, -3.6764856714555094e-09], "27": [-2.8944718288848037e-09, -1.2913558000704484e-09, -3.6154018875911298e-09], "28": [-2.4328355441305405e-09, -8.795351669199647e-10, -3.465196372898216e-09], "29": [-2.432839540933429e-09, -9.211291174260339e-10, -3.301819047341059e-09], "30": [-1.947449368433496e-09, -5.040288186819453e-10, -3.1746796164133784e-09], "31": [-1.94738597469879e-09, -4.704264200405817e-10, -3.125196330888702e-09], "32": [-1.911723002123722e-09, -4.6096401695727707e-10, -3.1201775954614597e-09], "33": [-1.9108335469475435e-09, -4.3122100334969105e-10, -3.154975614094724e-09], "34": [-2.02114625036387e-09, -3.1664146304954954e-10, -3.0817614155020934e-09], "35": [-2.021468825663675e-09, -4.0387104771610893e-10, -3.1535327960074966e-09], "36": [-2.517310082605917e-09, -9.195080807877787e-11, -3.216404885486579e-09], "37": [-2.517307917671019e-09, -8.021483477449465e-11, -3.272428501788216e-09], "38": [-2.5791909163963567e-09, -7.230149812187392e-11, -3.1955589632759462e-09], "39": [-2.5791883628834e-09, -3.87413434665973e-11, -3.3651865946615622e-09], "40": [-2.9744007812304574e-09, 1.189262577305783e-11, -2.939588329697873e-09], "41": [-2.974401169808516e-09, 7.86837262012341e-12, -2.9208367322008932e-09], "42": [-3.1188307492158174e-09, -4.774425299558516e-11, -2.88471444648275e-09], "43": [-3.1188307492158174e-09, -4.601669045811718e-11, -2.90099427119328e-09], "44": [-3.4592952391498955e-09, -1.576697106209224e-10, -2.9654339886442393e-09], "45": [-3.4592957387502565e-09, -1.5891835070114269e-10, -2.962346305757091e-09], "46": [-3.708566176374717e-09, -1.676741523404246e-10, -3.252177090129482e-09], "47": [-3.708566231885868e-09, -1.676991878696299e-10, -3.251395430670101e-09], "48": [-3.797761660706556e-09, -1.7084508807663212e-10, -3.35483916341639e-09], "49": [-3.797761605195404e-09, -1.7088247483698638e-10, -3.353669196515252e-09], "50": [-3.654695657218099e-09, -1.2768502921645108e-10, -3.328304583327668e-09], "51": [-3.654707925182521e-09, -1.779740799179308e-10, -3.1530920999167655e-09], "52": [-3.675290127791442e-09, -1.8432613768659678e-10, -3.1571020867038335e-09], "53": [-3.675304782735367e-09, -2.5411978077372055e-10, -2.8888113498548584e-09], "54": [-3.844413287712456e-09, -3.0848806842342924e-10, -2.904924335800363e-09], "55": [-3.844434881550285e-09, -4.1449887966393817e-10, -2.4835625292429775e-09], "56": [-3.8314075800904845e-09, -4.103143658173991e-10, -2.4823462382861372e-09], "57": [-3.831412076493734e-09, -4.3183639997224077e-10, -2.3971917229026474e-09], "58": [-3.775902035485501e-09, -3.334427456369582e-10, -2.3595594852987567e-09], "59": [-3.775909251935161e-09, -3.7588235302088435e-10, -2.1872598801597753e-09], "60": [-3.87556714498416e-09, -5.430925154037425e-10, -2.258214885919596e-09], "61": [-3.875562037958247e-09, -5.300193617330251e-10, -2.3036511448415453e-09], "62": [-3.979396201447827e-09, -7.83958953309849e-10, -2.348907991722715e-09], "63": [-3.9795108874862706e-09, -8.3757623059455e-10, -2.4111103183455107e-09], "64": [-3.871335974015011e-09, -6.471266578156332e-10, -2.337310088529332e-09], "65": [-3.871290787937909e-09, -6.25958923583525e-10, -2.312752274413743e-09], "66": [-3.8219046261112055e-09, -5.390111135206155e-10, -2.2790597534183554e-09], "67": [-3.821793048697231e-09, -4.868634662091864e-10, -2.218560994637908e-09], "68": [-3.910184565025787e-09, -6.424834830820458e-10, -2.2788644374327482e-09], "69": [-3.9102703297544394e-09, -6.826235687817928e-10, -2.3254313821774453e-09], "70": [-3.890877675605253e-09, -6.484811299056759e-10, -2.3122011319487434e-09], "71": [-3.8910836774874724e-09, -7.448567873602485e-10, -2.4240071755388115e-09], "72": [-3.843006135539895e-09, -6.602124957844069e-10, -2.391206968543891e-09], "73": [-3.8429971982445466e-09, -6.165183363826543e-10, -2.5645616880121125e-09], "74": [-3.936683701244448e-09, -7.814612845713498e-10, -2.6284781920460354e-09], "75": [-3.936657888559125e-09, -6.551094666740198e-10, -3.1320312454674593e-09], "76": [-3.64745417202883e-09, -1.4600171072132184e-10, -2.933344588063047e-09], "77": [-3.6474934739239018e-09, -3.3886865535848187e-10, -2.1555078069668276e-09], "78": [-3.770585788043235e-09, -5.555694237990849e-10, -2.2394908358314147e-09], "79": [-3.770588674623099e-09, -5.695867666410948e-10, -2.1829705196263482e-09], "80": [-3.807810511347043e-09, -6.35160257722589e-10, -2.2083496836744487e-09], "81": [-3.8078085129455985e-09, -6.250976125610208e-10, -2.2490118448126317e-09], "82": [-3.7404705444110675e-09, -5.074285436279524e-10, -2.2027587601169962e-09], "83": [-3.740483645042758e-09, -5.652751600138117e-10, -1.9731156361557645e-09], "84": [-3.754748179041201e-09, -5.918410206362523e-10, -1.9823256230955266e-09], "85": [-3.754746569217815e-09, -6.063762547636742e-10, -1.911466797344108e-09], "86": [-3.709195839363133e-09, -5.686964232864966e-10, -1.8650996233549044e-09], "87": [-3.7091721916127085e-09, -5.753799658947401e-10, -1.8175541419140906e-09], "88": [-3.799666026260695e-09, -6.162412524712835e-10, -1.8364201409548642e-09], "89": [-3.804161152753949e-09, -8.6563572976317e-10, -2.0740455672352276e-09], "90": [-3.772961054693269e-09, -8.865273792846295e-10, -2.0339248618661543e-09], "91": [-3.77433800879956e-09, -9.426207037144252e-10, -2.088883600814828e-09], "92": [-3.800993020330878e-09, -9.247724253036438e-10, -2.1231587390979634e-09], "93": [-3.805636417109071e-09, -1.1139299482820775e-09, -2.30848976046083e-09], "94": [-3.7120541640511817e-09, -1.1765931007268193e-09, -2.18815350561119e-09], "95": [-3.7110821637931224e-09, -1.1369999108890028e-09, -2.1493613347467466e-09], "96": [-3.686907168454212e-09, -1.1531876009662767e-09, -2.118274965157152e-09], "97": [-3.6947462311864854e-09, -1.2096351142965034e-09, -2.201302522208959e-09], "98": [-3.694691663724825e-09, -1.1604981975388284e-09, -2.281631342193613e-09]}