{"0": -4.656901343063138e-09, "1": -4.48924397742495e-09, "2": -5.6504950586133e-09, "3": -4.776858010709095e-11, "4": -2.0446957230656204e-09, "5": 2.31223727231028e-09, "6": -4.250819490674018e-09, "7": 1.527505559886788e-08, "8": -2.7294463525277812e-09, "9": -3.4436069690224613e-09, "10": 7.3602837470654325e-09, "11": -2.615629288897983e-09, "12": -6.74227543066841e-09, "13": -4.2983531924750684e-09, "14": -8.035804714354167e-09, "15": 6.3077989324866746e-09, "16": 4.499494049917119e-11, "17": 3.327312958576606e-10, "18": 4.752932314215641e-09, "19": -7.600411816403863e-09, "20": 9.176486856846133e-09, "21": -8.587324041957334e-10, "22": 7.83391373559289e-09, "23": -5.763848254583537e-09, "24": -3.689922110916566e-09, "25": 1.0176596947509414e-08, "26": -7.171394861629765e-09, "27": 5.740319658411458e-10, "28": -1.119722342190349e-09, "29": 6.016937359378666e-09, "30": -5.931397445684689e-10, "31": -2.391568125828525e-09, "32": 5.278209800653466e-09, "33": 1.5718955397297368e-09, "34": -1.7150109640588773e-08, "35": 1.710992960160529e-09, "36": -2.674238021131703e-09, "37": -3.565141805904337e-10, "38": -7.027507925409793e-09, "39": 2.4039637008463344e-09, "40": 4.073679461683369e-09, "41": -2.249955952451921e-09, "42": -5.431712165010309e-09, "43": 8.486415216391041e-11, "44": 2.9193968798402886e-09, "45": 3.279002785874091e-09, "46": 3.9679509114196043e-10, "47": -2.724841935419775e-09, "48": 4.239186831428432e-10, "49": 2.144505272579783e-09, "50": 1.3852066637828897e-09, "51": 7.0629290411031165e-09, "52": -4.0662043224691524e-09, "53": 8.745957601804383e-10, "54": -7.991547585793277e-09, "55": 2.937734380412116e-09, "56": 4.4822538640756915e-09, "57": -5.049142819558289e-09, "58": -5.500686102357516e-10, "59": 9.105266352091995e-10, "60": 4.547696929105283e-09, "61": -2.3514869530727456e-09, "62": 2.0630712685085206e-09, "63": -3.513942706256934e-09, "64": 6.898348281492162e-10, "65": 2.549830441407608e-09, "66": 6.143174660806772e-09, "67": 1.2420813852269397e-09, "68": 1.3797075361539346e-09, "69": -3.073581614915222e-10, "70": -2.778970715437007e-09, "71": 2.1482422004476254e-09, "72": 4.2720053362865773e-10, "73": -2.4387013901339127e-09, "74": 2.234508572531574e-09, "75": -7.233228592473662e-09, "76": -5.418555656683949e-09, "77": -9.171563908729266e-09, "78": 1.8689627337073467e-09, "79": 6.255328042874264e-09, "80": 2.0788528658916006e-09, "81": 6.632273484748208e-10, "82": 6.795450497882466e-09, "83": -3.1380402365152604e-09, "84": -1.541563618076558e-09, "85": 5.0179916875371655e-09, "86": 2.9521372325869155e-11, "87": 2.6439624560906094e-09, "88": 5.6936166215743045e-09, "89": 3.6637507515660528e-09, "90": 9.959706092840803e-09, "91": -5.067370136783295e-09, "92": -7.763395650731836e-09, "93": 2.2534539546870125e-09, "94": -3.6783516705642116e-09, "95": 1.2294260077214472e-09, "96": 1.6427494854871771e-09, "97": 2.1475072707523996e-09, "98": -5.192684089140587e-09, "99": -2.507363472230295e-09, "100": -2.032759534916634e-09, "101": -1.0268372142158144e-09, "102": -1.174116675412007e-09, "103": 2.2552637665360087e-09, "104": 3.153413858161813e-09, "105": 7.224404022709505e-09, "106": -1.7426511180265725e-09, "107": -3.1511007507738914e-09, "108": 9.611143772774583e-09, "109": 2.4786889468025874e-09, "110": 1.3749777818053421e-09, "111": -3.4150683028005835e-09, "112": -1.1757057280861738e-09, "113": 1.728920543189738e-09, "114": 5.7970251216531155e-09, "115": -3.178712241341808e-10, "116": 7.253485702699014e-10, "117": 6.8479582531876665e-09, "118": -3.3147392350472288e-09, "119": 4.575946464628611e-09, "120": -6.477526506495912e-09, "121": -7.646601764103866e-09, "122": 9.39714307236772e-10, "123": -8.590608766446267e-09, "124": -9.81641656676302e-09, "125": 9.500819241579916e-10, "126": -7.344566205214065e-10, "127": -5.96609932377451e-09, "128": -1.8153725614769578e-09, "129": 1.1292811009228076e-09, "130": 3.7404505465188365e-09, "131": -2.7432479946486177e-09, "132": -3.5580768002058116e-09, "133": 7.149777477098024e-09, "134": -6.239458333681669e-09, "135": -5.780108821695079e-09, "136": -3.5297699390104964e-09, "137": -1.7916438358953068e-09, "138": -3.443794776257503e-10, "139": 5.230685543988062e-09, "140": 4.671819744429817e-09, "141": 6.645504841730487e-09, "142": -9.688655469922147e-09, "143": 3.4653732930087222e-09, "144": 1.6148105855956496e-10, "145": 3.469854690033025e-09, "146": -4.836010693461124e-10, "147": -1.820119555290614e-09, "148": 2.1112795279415453e-09, "149": 6.546564904758023e-10, "150": 2.5828421324446127e-10, "151": 4.0231687438961605e-09, "152": 4.073401344093647e-09, "153": 2.2458898759833423e-10, "154": 1.4220975521304913e-09, "155": 1.0680499210741212e-09, "156": -1.1830648318639225e-09, "157": 1.0817183459729818e-09, "158": 3.84712110345492e-09, "159": -8.984393099278898e-09, "160": 2.19854938941777e-10, "161": -1.1544391189527436e-09, "162": -4.896338898999902e-09, "163": 7.420864005756866e-10, "164": 2.929506967737361e-09, "165": -4.544274739490262e-09, "166": -1.7878909863017212e-09, "167": -6.9310440147657415e-09, "168": 3.88727294841143e-09, "169": -7.055367574893001e-10, "170": -1.2038125169009511e-09, "171": -2.4886574810471795e-10, "172": 2.1608337454417925e-09, "173": 1.1342161303044829e-09, "174": 2.6356697492915804e-09, "175": -3.81740493729521e-09, "176": -3.5188924022919177e-09, "177": -3.001306995899927e-10, "178": -3.829550681774818e-09, "179": -3.709951882377785e-09, "180": 6.8153829238179475e-09, "181": 1.704249660231666e-09, "182": -8.665730581464831e-09, "183": -1.3030993341670016e-09, "184": 2.936075886366893e-08, "185": -1.1852671572302673e-08, "186": -2.5548012550988264e-08, "187": -3.5523232767842305e-07, "188": -1.4763201147106018e-06, "189": -3.638649784939215e-06, "190": -6.727683276528014e-06, "191": 8.268822427381483e-06, "192": 1.620585096569118e-05, "193": 0.0005940339347539647, "194": -0.0017347023315935294, "195": -7.414313595609061e-05, "196": 0.00018486705347385037, "197": -0.0014220845664872134, "198": 0.00030621998339011927, "199": 0.00037109210445218643, "200": 0.00048793068963834505, "201": -0.019846967393134605, "202": -0.0018644774908791063, "203": 0.0024388781353044202, "204": 0.0009466259126779378, "205": -0.0026839291633139737, "206": 0.006044800110436285, "207": -0.013052678224576028, "208": 0.02584385515001266, "209": 0.0146301468104373, "210": -0.006090040907953164, "211": 0.01098495665195182, "212": 0.00509927117826192, "213": -0.004684625083590138, "214": 0.010117293233072035, "215": 0.023906995215705322, "216": 0.010191620134720074, "217": 0.018881216900858946, "218": -0.0006960341197763224, "219": -0.002165163750027628, "220": -0.00676711965767861, "221": 0.003533854152805165, "222": -0.0023331675184447226, "223": 0.004673648210331845, "224": -0.00209638658762855, "225": -0.019630983408074627, "226": -0.003618318426476428, "227": 0.0007751157857987186, "228": -0.0010149429875879281, "229": 0.0012234151569504971, "230": -0.0035786779362282804, "231": 0.0146362197855938, "232": 0.05053231782982516, "233": 0.011681365297720347, "234": 0.00397480844827606, "235": 0.0036157243084562474, "236": -0.009358980928629261, "237": -0.014107780880660144, "238": -0.001234016248530995, "239": 0.003977732577076845, "240": -0.0026693904959712257, "241": 0.0116836501263588, "242": 0.022941509943800016, "243": -0.019536969178171895, "244": -0.0010508491137341815, "245": 0.01152149454936829, "246": -0.009917128523069675, "247": 0.009182805689865285, "248": -0.002928022886547678, "249": -0.008135555836422604, "250": 8.359399631336457e-05, "251": 0.0040256688753469985, "252": 0.00919613807313599, "253": -0.024653513357723374, "254": -0.00790612002525497, "255": 0.03751660448318446, "256": -0.004543907670074335, "257": 0.00391299744214762, "258": 0.010614404893939835, "259": 0.010312851931794865, "260": -0.004418816704717873, "261": 0.0020738200067842334, "262": 0.01844283368771498, "263": -0.017813656680991687, "264": -0.0020596587801640317,