{"0": 5.110652027007917e-09, "1": 1.2704021396057336e-09, "2": -1.7470106819950787e-08, "3": 3.6043658899545528e-09, "4": -7.605413594475446e-09, "5": -2.9341996523463143e-09, "6": -3.583090073342593e-09, "7": -1.1051492105999816e-08, "8": 1.680309882814285e-08, "9": 7.954903242634453e-09, "10": -1.5572603536545548e-10, "11": 3.3764298464338677e-09, "12": -1.4565308359588969e-08, "13": 3.861286425148325e-09, "14": -2.417141656968491e-09, "15": 1.2507067200483168e-09, "16": 1.2324821796819152e-08, "17": -9.287976187309123e-09, "18": -1.0302517662770516e-08, "19": 8.907473399936278e-09, "20": 1.2201939320055644e-09, "21": -1.6673911151527526e-09, "22": 6.830567647738914e-09, "23": 8.324163580653021e-09, "24": -5.81261569085334e-09, "25": 2.4596188716394934e-09, "26": 3.8017445268268e-09, "27": 1.3688865858549337e-08, "28": 3.4065946131686675e-09, "29": 2.71791762013196e-09, "30": -2.689421903494943e-10, "31": 9.50591542720619e-09, "32": -5.750263679278611e-09, "33": 4.324397354961429e-09, "34": 4.684651997918787e-10, "35": -3.9273141041323845e-09, "36": -4.363104884764352e-09, "37": -2.4289278054145935e-09, "38": -6.653577748656769e-09, "39": 6.199778795814431e-09, "40": -2.0232100669294317e-09, "41": -3.1651109701907876e-09, "42": -3.0367586160550547e-09, "43": -7.618550400137827e-09, "44": -7.33650263934002e-09, "45": -2.4745190453992483e-09, "46": 4.973669105907963e-09, "47": 3.428734119542698e-09, "48": -9.192348115333315e-10, "49": -3.7887996765569726e-09, "50": 7.601604715915672e-09, "51": 1.7457205334081571e-09, "52": -4.451170840334001e-09, "53": 5.078462373829702e-09, "54": 7.903340049032412e-09, "55": 3.8859788477341173e-10, "56": 3.288025359794722e-10, "57": -6.779661902191203e-09, "58": -5.412426563357331e-09, "59": 3.2045498995266625e-09, "60": -3.9539650338593635e-09, "61": -2.548482332283275e-09, "62": 2.454427549983089e-09, "63": 2.4820062997053804e-09, "64": -1.9022306394986255e-09, "65": -8.299022285791074e-09, "66": 3.4722116466767705e-09, "67": -2.039827044688497e-09, "68": -4.223866971030804e-09, "69": 1.0567235021047283e-10, "70": -4.582414858374587e-09, "71": -3.066476001942209e-09, "72": -4.274911191530506e-09, "73": 2.1430554544496494e-09, "74": 6.303129100907953e-09, "75": -2.021570347753021e-09, "76": 9.062596008054327e-09, "77": 4.285892438149995e-09, "78": 1.7667176827398934e-09, "79": 6.326176010557766e-09, "80": 1.51380464934181e-09, "81": 1.731651966783987e-09, "82": -3.5469697751838725e-09, "83": 4.662249723005191e-09, "84": -8.438059348470084e-10, "85": -2.832405516725589e-10, "86": 3.712859913615474e-09, "87": -1.1248385731535415e-08, "88": 1.5595336810142468e-09, "89": -1.1465254635446842e-10, "90": -1.6119904816362662e-09, "91": -1.5327802061447515e-09, "92": 1.5848000915058558e-09, "93": -5.392684393652758e-09, "94": -1.153276719349089e-09, "95": -5.901951407195211e-09, "96": 3.4549657837359277e-09, "97": -3.2782714893403453e-09, "98": 2.006340883058469e-07, "99": 3.717733874806714e-07, "100": -3.981987440923422e-06, "101": -9.019480465286348e-07, "102": 2.2043883723911126e-07, "103": 2.9911237367464746e-07, "104": -5.568135172009502e-06, "105": 8.502819716359536e-06, "106": 5.888180563122514e-06, "107": -1.4666703077915967e-05, "108": 3.148142775525166e-05, "109": 1.1923953678142155e-05, "110": 6.488156247716004e-05, "111": -0.0003667364470019694, "112": -0.001446335469323135, "113": -0.003170255385478914, "114": -0.005030184299270962, "115": -0.003236039555589558, "116": 0.005227287969322059, "117": 0.00284769100954, "118": 0.0018545333169492128, "119": 0.018442842054423217, "120": -0.00752349566979444, "121": 0.009905649401381913, "122": -0.001681563928700603, "123": 0.005457967804572775, "124": -0.0026381295391836456, "125": 0.0023798300977800444, "126": 0.0003369581118303883, "127": 0.013704261736911073, "128": -0.02249865094302058, "129": 0.014227005393557625, "130": 0.0031813706971599537, "131": 0.0032503794164245752, "132": 0.0445524074593646, "133": -0.005962948533954779, "134": -0.017430585829866414, "135": 0.01755484888882592, "136": 0.0031559913242311393, "137": 0.0049654966589731675, "138": -0.005179582550225632, "139": 0.004538269369307979, "140": 0.008851734947896091, "141": -0.01795836022175584, "142": -0.006173660628282144, "143": -0.008559410134239866, "144": -0.005280336982318108, "145": 0.024678997325153978, "146": 0.012051259294483993, "147": 0.022028518605963256, "148": 0.013074065671384395, "149": -0.012233854974065601, "150": 0.013062155640450816, "151": -0.007013019734221705, "152": 0.02019280007268421, "153": -0.012711388339903665, "154": -0.013419731310524067, "155": -0.01650342544591037, "156": 0.036071825479944766, "157": -0.021632374353892758, "158": -0.010759658311770889, "159": -0.005485100109171675, "160": -0.0003293522222984069, "161": 0.012347800377221394, "162": -0.014118373166958775, "163": 0.028342682062177105, "164": -0.014543803192688642, "165": 0.023661284100038153, "166": -0.033491713589826194, "167": 0.015624955489590451, "168": -0.0034375131849663162, "169": -0.020401320762452428, "170": 0.013690789639366976, "171": 0.016316768847765152, "172": 0.03239146455836723, "173": -0.0030125774064586343, "174": -0.0010194310970959306, "175": -0.0490515322845912, "176": 0.012006982119831972, "177": 0.012397586168811415, "178": -0.018480824564990818, "179": -0.013416520602309873, "180": 0.018439928733985107, "181": 0.022864053321245137, "182": 0.02477966982534728, "183": -0.009839627560065758, "184": 0.0021834265272060757, "185": 0.0014907944799707872, "186": 0.004834911485888946, "187": -0.020217191576970696, "188": 0.015341453519892615, "189": 0.022504990978914476, "190": -0.0039035774285850395, "191": 0.015063134050852797, "192": -0.026381482651221692, "193": 0.024509246294727696, "194": 0.007338837313695362, "195": -0.015129036181704667, "196": 0.010298162200047301, "197": 0.00930673891450005, "198": -0.023671668022127813, "199": 0.004764987045801633, "200": -0.02404462627343848, "201": 0.021127588869668208, "202": 0.021733488652586848, "203": -0.002118767054046649, "204": -0.008761672680243238, "205": -0.01754788596011427, "206": -0.008058837913179746, "207": -0.03210785721959386, "208": 0.01088678654915852, "209": -0.02406953565605373, "210": 0.02134735406565029, "211": 0.012685510331475813, "212": 0.0034050903317515884, "213": 0.00847179647235424, "214": 0.0019087502264892057, "215": 0.010043673118624141, "216": 0.004070818422444862, "217": 0.034602289049979494, "218": 0.016387587284728992, "219": 0.009365579040804293, "220": -0.03257891913563657, "221": 0.005054392567580217, "222": -0.016165962976181912, "223": -0.02017906685648158, "224": 0.011580380387612126, "225": 0.007749293855045755, "226": -0.005049292642269819, "227": -0.00010873156598795349, "228": -0.019522316399708705, "229": -0.003488062304553432, "230": -0.016448943454740808, "231": -0.010461729090121235, "232": -0.048245496331640686, "233": 0.037172480599105856, "234": 0.01276315517980828, "235": 0.003660982466332956, "236": -0.016805623068164195, "237": -0.02626856067773201, "238": 0.01499170740695199, "239": -0.0002881041447070521, "240": 0.009829123665142603, "241": 0.03192172048902616, "242": 0.008074021151966348, "243": 0.02428192170155228, "244": 0.0040921053081755905, "245": -0.004434229891227227, "246": -0.013959513535500285, "247": 0.018746894739475856, "248": -0.01302951560959777, "249": -0.003097394087902625, "250": -0.010804575802230841, "251": 0.003668412574373751, "252": -0.013336978719435889, "253": 0.02385545790182715, "254": -0.002348688314451268, "255": -0.036060805392673395, "256": 0.01505753030496047, "257": -0.0005117033508588191, "258": -0.003838322668778098, "259": 0.015869920548571562, "260": -0.023206948543352007, "261": 0.004102678432242217, "262": -0.0035899252808562964, "263": -0.013469455803118178, "264": 0.018465340912887797, "265": 0.0014316722452829781, "266": -0.00581017428780846, "267": -0.0061541795603881864, "268": -0.008066621533737042, "269": 0.021725060447086643,