{"0": [-0.0780690533225169, 0.21134213896480736, -0.06460941186683256], "1": [-1.0779525158766123e-05, 0.2072627562818637, -0.05643920251673261], "2": [-0.0012755153199125457, 0.21337209640637858, -0.06534120829039712], "3": [-0.0004938858838581806, 0.1809434414529073, -0.036058312183211046], "4": [-7.580043849719775e-05, 0.0656364045353689, -0.02457251663909384], "5": [3.6559277674652613e-06, -0.05001031695862204, -0.10999241964573116], "6": [1.8147454842742938e-06, -0.03873984673501951, -0.09178442295349282], "7": [4.367813816186228e-08, -0.001180385789226579, 0.0002460727399353768], "8": [-7.330703155616902e-09, 0.0018356069754189575, 0.01000392849577042], "9": [-1.3117825159447705e-09, 0.0008313680361238529, 0.00562160349315384], "10": [1.0945785944294073e-09, 0.00019843077942630072, 0.0017375151360895097], "11": [9.66906227306552e-09, 3.717696794536263e-05, 0.00039962850564762703], "12": [8.580583354955706e-08, 5.608247421962087e-06, 1.8617170026116736e-05], "13": [7.174059992731685e-07, -6.7501057176566626e-06, -0.000195403204124249], "14": [-4.86773176899824e-06, -3.4397014050946417e-06, -0.00011608016994707482], "15": [-0.00015628254324467905, -4.373468281970716e-07, -1.7845932665266906e-05], "16": [-0.001189549515407784, 1.6093348542689512e-08, 1.8415921742426233e-06], "17": [-0.0007789696968844018, 1.1651595743789045e-08, 1.5722198276474364e-06], "18": [0.11143645139307629, -1.7887348852108076e-08, -1.0051409632602648e-06], "19": [0.2840260826458244, 7.1113951394252695e-09, 7.242277913349637e-07], "20": [0.27037680788632856, 9.922878629886611e-10, 1.467554486128675e-07], "21": [0.26951752252683814, -2.546183819340797e-10, 1.8693836922878404e-08], "22": [0.2694863617802675, -8.074744206609807e-10, 1.910914315672585e-09], "23": [0.2694858778473168, -1.2187006959152313e-09, 1.0106574535595492e-09], "24": [0.2694858908305986, -5.102182287775037e-10, 1.1097045019003993e-09], "25": [0.2694858496160025, -1.2029598481233528e-07, -1.3274737281632198e-09], "26": [0.2694858465143698, -8.301726426018785e-07, -8.418030605916726e-09], "27": [0.26948584715161183, -3.522303070879751e-07, -4.739559286703887e-09], "28": [0.2694858588488608, 3.1290200966371806e-06, 1.6390009238698156e-08], "29": [0.26948392910352115, -0.0002224592759905164, -1.0763850978104395e-06], "30": [0.2694516752809839, -0.0016629406547306602, -6.58258065312084e-06], "31": [0.2692027018028452, -0.00582048728023582, -1.89702843299e-05], "32": [0.2661310793204248, -0.024837575901581588, -6.287783046185491e-05], "33": [0.2467390609889849, -0.06906901879190164, -0.00014186434038635648], "34": [0.4000480739799711, -0.052574299535934566, -0.0001960500209245361], "35": [0.5380421846053888, -0.19543732144703452, -0.0003927406641074868], "36": [0.5389157972446067, -0.19777767884260483, -0.0003638144447743741], "37": [0.5389656592536379, -0.19811810612717884, -0.00020574257291912368], "38": [0.5389708732369535, -0.19820789535524552, 0.0014093191138339206], "39": [0.5389716275700165, -0.1982534691428196, 0.023740569142604986], "40": [0.5389717034486581, -0.19827879693276895, 0.05905456383661113], "41": [0.5389716935713329, -0.19826986890511678, 0.04305906991830445], "42": [0.5389716939817268, -0.19827032652248133, 0.044066358379924855], "43": [0.5389717042848324, -0.1982704575648857, 0.04442258456328206], "44": [0.53897159731233, -0.19827044830073892, 0.04439135534873408], "45": [0.5389664257444992, -0.19827044525335474, 0.04437803196059156], "46": [0.538904197552897, -0.19827044565865748, 0.044376554043598915], "47": [0.5375072228230245, -0.19827045178285257, 0.04437622418439301], "48": [0.5815203016308511, -0.19827037419161297, 0.0443762894281414], "49": [0.8005982467017675, -0.19827030763951092, 0.04437605643599089], "50": [0.8081427110568132, -0.19827081541604874, 0.044376031723211515], "51": [0.8084346376887762, -0.19827370468448013, 0.044376028982245394], "52": [0.8084535664952145, -0.1983013505190374, 0.04437603003842075], "53": [0.8084574823268439, -0.19841718588991586, 0.04437603555673274], "54": [0.8084575511284456, -0.19850172120971343, 0.04437603829288382], "55": [0.808457543013296, -0.19731784865355928, 0.04437600857155484], "56": [0.8084575382537781, -0.18790749260760597, 0.04437582312417243], "57": [0.8084575316342321, -0.18110808664323674, 0.044375739778520926], "58": [0.8084578441873039, -0.2956138831589784, 0.04437672669861446], "59": [0.8084589497595719, -0.3917361493181659, 0.04437719132492328], "60": [0.8084613423011905, -0.39398238755666437, 0.04437687069178957], "61": [0.8087042274947244, -0.395495737773936, 0.04436532562982551], "62": [0.812643664531049, -0.3965017770762551, 0.04430595653434609], "63": [0.8357962737553765, -0.3966240901113667, 0.04424087497555715], "64": [1.0721377319523566, -0.3965425288391443, 0.04407231366441554], "65": [1.079312999800087, -0.39653611729972704, 0.04414436109808066], "66": [1.0782308597404908, -0.3965385475892883, 0.04211508045612569], "67": [1.077963487663578, -0.396540551611286, 0.008211679461742533], "68": [1.0779429456830112, -0.39654099132135867, -0.033360559096098134], "69": [1.0779432150937547, -0.396540961596217, -0.007797636346568895], "70": [1.0779433854594211, -0.3965408916201829, 0.08533290656743993], "71": [1.0779433877319127, -0.3965408893970126, 0.08896792271027011], "72": [1.0779433874364739, -0.3965408894484892, 0.08864524654142479], "73": [1.077943391916933, -0.3965408903531158, 0.08867891287189274], "74": [1.077944109082123, -0.39654095117304267, 0.08872762489042861], "75": [1.0779527767954096, -0.3965412342911807, 0.08875037137226961], "76": [1.0779905058465942, -0.39654163362224537, 0.08875202515000212], "77": [1.0784708354442696, -0.3965436599968182, 0.08875210830237378], "78": [1.1276318456444985, -0.3966313861643569, 0.08875213598994953], "79": [1.3330082612573104, -0.3967172308411755, 0.08875207386839763], "80": [1.3464486088153538, -0.3959828272707512, 0.08875205862640019], "81": [1.3474454883234093, -0.3940340152159777, 0.08875205494876294], "82": [1.3474379278669804, -0.39548572736137366, 0.08875205476650914], "83": [1.347430367051075, -0.5269460351879247, 0.08875203467502214], "84": [1.3474292262387824, -0.5950558081614763, 0.08875202824388877], "85": [1.3474292373478143, -0.5934431195335705, 0.08875202297232727], "86": [1.3474292353582817, -0.5943510789038307, 0.08875219019719961], "87": [1.3474292445954372, -0.5947784087980094, 0.08875347933140894], "88": [1.3474292915773245, -0.5948092084889945, 0.0887551325184472], "89": [1.3474295766155815, -0.5948101293875689, 0.08875822286558281], "90": [1.3474559545924372, -0.5948110222510167, 0.08885409075580732], "91": [1.347799929688926, -0.5948113624243695, 0.08920694203438613], "92": [1.3480306053017816, -0.5948113706634267, 0.08926641445654611], "93": [1.3471657317831274, -0.5948113693137129, 0.08922344014781898], "94": [1.5926158230744054, -0.5948113423660544, 0.09136469617603603], "95": [1.6153650394119352, -0.5948113358253077, 0.08805679236807755], "96": [1.6167986482305055, -0.5948113349222599, 0.06887390831717702], "97": [1.6169109884493702, -0.5948113354041571, 0.04092177786621805], "98": [1.6169179187845995, -0.5948113361011128, 0.02403719357478079]}