{"0": [0.253062611726797, -0.19934845187637373, 0.04598601652939225], "1": [0.01156834284661562, -0.2054491170009312, 0.053241800165605896], "2": [-0.0002017412999869017, -0.1903497249980321, 0.03152896905513681], "3": [0.0010780551831794383, -0.2070110582679004, 0.04851895665569431], "4": [0.0002840364101874271, -0.12882143743728225, 0.021497431590713365], "5": [9.142891468860714e-06, 0.023997032943395002, 0.08750286514125119], "6": [-5.3861614274786085e-06, 0.060191373362485506, 0.13311050542163733], "7": [-5.811693499224724e-07, 0.01483148180950436, 0.03803294988854988], "8": [5.3645486941533704e-09, -0.0011764808173058972, -0.006897343349317353], "9": [3.534826820139614e-09, -0.0010406760710044705, -0.00639414806068947], "10": [-4.931654251638662e-09, -0.0003280972014021166, -0.0026434465385862874], "11": [-5.646132278380733e-08, -8.477213889729329e-05, -0.0008251933002923761], "12": [-6.084267245021202e-07, -1.1137252586196356e-05, -3.329368268206734e-05], "13": [-5.271358793190739e-06, 1.4016231276586799e-05, 0.0003472149339733138], "14": [5.7258872134646754e-05, 5.401381795722138e-06, 0.00016507153538814628], "15": [0.0009546730310663332, 1.2328173356057626e-06, 4.4820849141473385e-05], "16": [0.01322660798267794, -4.402320927243686e-08, -4.22822551944535e-06], "17": [0.0017647597475181631, -1.813996225452641e-08, -2.8551332209025837e-06], "18": [-0.3564247567841112, -5.743460906870723e-08, -4.0574767060375105e-06], "19": [-0.28093866798237527, -1.910725436204963e-08, -1.686106743122029e-06], "20": [-0.270276695531712, -3.6920365931170096e-09, -3.8629008838886314e-07], "21": [-0.2695001525446062, -1.0925999549549203e-09, -3.202619316966526e-08], "22": [-0.26948694578299454, -1.5132944064522036e-09, -1.091325391167075e-08], "23": [-0.2694860451912288, -3.615342358820328e-09, -5.734801536427803e-09], "24": [-0.26948587452294975, -2.6184283574703926e-08, -2.592648894184091e-09], "25": [-0.26948584931287317, -2.3422767653213938e-07, -2.7726450024800897e-09], "26": [-0.2694858474152653, -1.6384447850403827e-06, -1.2131994645003807e-08], "27": [-0.26948584890813937, -3.5574511041691625e-06, -2.2736351960872536e-08], "28": [-0.2694858451636463, -1.8045780747488749e-06, -1.5151872014007584e-08], "29": [-0.26948653374003945, -0.0001248934177928429, -4.338633442096951e-07], "30": [-0.2694953002760659, -0.0007193017098195142, -2.0200939934017503e-06], "31": [-0.2694044475796407, 0.001589205667102328, 2.7820988682883407e-06], "32": [-0.26902978461868426, 0.005263486094990805, 8.820483082649933e-06], "33": [-0.2436129986480738, 0.10248530089055882, 0.00013606074269196383], "34": [-0.23817888005354831, 0.10541772661486074, 0.00013674311017750768], "35": [-0.5221645640755088, 0.18526764651397346, 0.0002727900286711715], "36": [-0.5382993643001595, 0.19692852696401583, 0.00014720843851957766], "37": [-0.5389323018703251, 0.19806012272339094, -0.0005533080957446299], "38": [-0.5389699583740499, 0.19823037760727671, -0.005486469612751586], "39": [-0.5389715691082275, 0.1982589282640352, -0.02568137328179511], "40": [-0.5389716939051477, 0.1982700487560646, -0.043385148994241035], "41": [-0.5389716919725114, 0.19826958783369433, -0.04244638984755651], "42": [-0.5389716940275509, 0.1982709080873787, -0.045812613376774475], "43": [-0.5389716986205582, 0.1982704128962647, -0.044249068735552774], "44": [-0.5389716513379124, 0.1982704414490382, -0.044360451005053134], "45": [-0.5389708289081772, 0.1982704456310014, -0.0443801359457202], "46": [-0.5389915914354859, 0.1982704432400935, -0.044374921560697486], "47": [-0.5385787415078882, 0.19827045552674274, -0.04437580751536506], "48": [-0.5297386055410918, 0.1982705603166303, -0.04437598028777723], "49": [-0.6000789038976073, 0.1982702286206681, -0.044375972106823494], "50": [-0.8003065655879178, 0.1982703214584239, -0.04437601829845257], "51": [-0.80777033489762, 0.19827300920032284, -0.044376023431339603], "52": [-0.8083606546738824, 0.1983086636963239, -0.044376023819504534], "53": [-0.8084511650527846, 0.1985399382496961, -0.04437601932278874], "54": [-0.8084572736966642, 0.19883833750630212, -0.044376014653469395], "55": [-0.8084575422825502, 0.20106186353096903, -0.04437598887713008], "56": [-0.808457541142718, 0.19995261838003534, -0.04437599932146073], "57": [-0.8084575398793628, 0.18558694171825038, -0.04437610298620549], "58": [-0.8084575507616081, 0.3152216707997755, -0.044375617512997734], "59": [-0.808457584126619, 0.41666888938702296, -0.044375454992468685], "60": [-0.808457194845825, 0.4023434512081421, -0.04437460346404955], "61": [-0.8084444829484017, 0.3975976452576979, -0.04436472123088746], "62": [-0.8083959926802791, 0.39659751922495845, -0.044354624749627494], "63": [-0.8081181156961212, 0.39654424511425335, -0.0443433915855488], "64": [-0.8056832274425412, 0.3965424040736313, -0.04431157059741081], "65": [-1.0738106933678897, 0.3965402077947473, -0.045490165877201755], "66": [-1.0864314136368103, 0.3965398503673867, -0.045324185015954574], "67": [-1.0797802370250502, 0.39654038156989857, -0.05764077439884975], "68": [-1.078008198136129, 0.3965408681948914, -0.1505901471522676], "69": [-1.077935026099205, 0.39654094147022356, -0.22470063016644104], "70": [-1.0779424668083233, 0.3965409026025699, -0.13037032239594004], "71": [-1.0779433696968916, 0.39654088961005773, -0.09140714495586248], "72": [-1.077943387836232, 0.3965408878756539, -0.08910096975972485], "73": [-1.077943386902482, 0.3965408932502156, -0.08924176746053807], "74": [-1.077943458755696, 0.39654062115186073, -0.08890690179200937], "75": [-1.0779443438818805, 0.3965394664841777, -0.08875441575364564], "76": [-1.07794680310427, 0.39653833391534876, -0.08875152944922778], "77": [-1.0778503159327317, 0.3965569148222683, -0.08875189969894655], "78": [-1.0694708136686812, 0.39724204993264856, -0.0887520246123195], "79": [-1.1203374610009604, 0.3955038499721375, -0.08875202198195915], "80": [-1.3131947465125333, 0.3961779698231387, -0.08875204399937515], "81": [-1.3438472517216007, 0.45910727832708875, -0.08875205418040367], "82": [-1.347479299394927, 0.6144483299270563, -0.08875204970157234], "83": [-1.3474475280988913, 0.6067254606094727, -0.08875205010600236], "84": [-1.347429885158891, 0.595945935505168, -0.08875205027753101], "85": [-1.3474292715066598, 0.595006228718836, -0.08875204773579447], "86": [-1.3474292390924334, 0.5948607159008591, -0.08875203794654933], "87": [-1.3474292340901497, 0.5948056081612223, -0.08875199419944986], "88": [-1.34742923867562, 0.5948111261295558, -0.08875220883771211], "89": [-1.3474293067721645, 0.5948118385227796, -0.08875332203538551], "90": [-1.3474275822559183, 0.5948114357935819, -0.08874519406363289], "91": [-1.3473758166735867, 0.5948113583460877, -0.08867626726160645], "92": [-1.3461603431152305, 0.5948113440225703, -0.08814066059009061], "93": [-1.3313045301691426, 0.5948113299119879, -0.0861993370489995], "94": [-1.3073069296979036, 0.5948113275121957, -0.08566841892531211], "95": [-1.6199690866407046, 0.5948113313167085, -0.08613617219868343], "96": [-1.6184526954395402, 0.5948113326054016, -0.08640461321161506], "97": [-1.616913254557673, 0.594811414020863, -0.09930968498048916], "98": [-1.616935201549342, 0.594811331637114, -0.08905558238905271]}