{"0": -1.1122006066122125e-08, "1": -8.403183803244903e-08, "2": -1.2784874219083468e-08, "3": -5.349312308259094e-08, "4": 5.1309991723740705e-08, "5": 6.272655869981464e-09, "6": -2.0270898985850355e-08, "7": 2.490716685590172e-08, "8": -2.1042675832708135e-08, "9": -3.895846064153052e-09, "10": -1.4337067436682657e-08, "11": 4.463662185835368e-08, "12": 7.204742703478817e-09, "13": 1.5909074981002025e-08, "14": -3.036834059352497e-08, "15": 1.2604246048784906e-08, "16": -9.811391028183986e-09, "17": 3.523976922314813e-08, "18": 6.637527095163832e-08, "19": -3.3147832524844933e-08, "20": -2.2696554143920855e-08, "21": 1.8344057739179756e-08, "22": -3.2504793161334394e-08, "23": 4.865359739657932e-08, "24": -6.595661451464646e-09, "25": -2.7606763451214905e-08, "26": 1.6085631152594482e-08, "27": 5.8147739984354754e-08, "28": 3.835897860546972e-08, "29": 2.103800338332327e-08, "30": -3.556133571121223e-08, "31": -1.0318583387909641e-08, "32": 3.2427232837719394e-08, "33": 7.093338730626564e-09, "34": -1.935345596477435e-08, "35": -1.9985879669975892e-08, "36": -4.057632146947654e-09, "37": -1.9577907774993852e-08, "38": -1.7026729749215763e-08, "39": -8.643588448719458e-09, "40": -1.0201854099781832e-08, "41": -2.7973378129717355e-08, "42": -6.797974542310792e-08, "43": -2.356846522024586e-08, "44": -2.3071042568566236e-08, "45": -2.8601653510873515e-10, "46": 3.859712612973992e-08, "47": 3.030597772995386e-08, "48": 7.751127341143124e-08, "49": 7.285126293540833e-08, "50": -2.1990396504613374e-09, "51": -3.846417929651014e-08, "52": 1.0955295625530992e-08, "53": 2.3745445731221393e-09, "54": -1.8877877279617483e-08, "55": 6.136443778332126e-08, "56": -2.9384602700296275e-09, "57": 4.339267845217265e-09, "58": -4.973507134777011e-08, "59": 1.681460292269482e-08, "60": -9.563259393153417e-09, "61": 7.185529557560827e-08, "62": -3.1344837527185615e-08, "63": -9.626078949134115e-09, "64": -4.799620583785524e-09, "65": 4.778720839090228e-08, "66": -7.335195463184507e-09, "67": 2.1509898916064266e-08, "68": 4.005993970834093e-08, "69": 1.131258271390087e-08, "70": -1.034635677479856e-09, "71": 9.693958209940068e-10, "72": 5.9383012096601157e-08, "73": 1.4298355554675374e-08, "74": 3.785816660617676e-08, "75": 6.342825008992005e-08, "76": -9.872474127049433e-09, "77": -3.0072176690227465e-08, "78": 6.472869286356861e-08, "79": 3.4844546949620164e-08, "80": -9.37389726821461e-10, "81": 3.975964070566246e-09, "82": -1.4638679925790127e-08, "83": 1.6600572432749067e-08, "84": -1.0858657233797642e-08, "85": -3.830667393315765e-08, "86": 3.2541583732358104e-08, "87": -7.538053971127556e-08, "88": -1.7469344397273712e-08, "89": 1.7096169767187586e-08, "90": 2.5120411998799663e-08, "91": 7.374617619045412e-09, "92": -3.6194747403232863e-09, "93": 2.264705903560517e-08, "94": -8.24491992994919e-09, "95": -4.65979043643306e-09, "96": -3.4550592692417226e-08, "97": -4.849753177434829e-08, "98": 1.1245536359755226e-08, "99": 1.922124360674224e-08, "100": -2.9250683030238034e-09, "101": 4.5943052089710695e-08, "102": -9.231508647788988e-10, "103": -1.9178854336263096e-08, "104": 6.477952252739727e-09, "105": 7.35335148691757e-08, "106": 1.972662032594802e-08, "107": 2.7743341044633718e-11, "108": -1.8620122809289222e-08, "109": -2.3993410777503957e-08, "110": -3.2246170386662776e-08, "111": -5.26743618267482e-08, "112": -2.561877165757013e-08, "113": 4.117713192424918e-08, "114": -2.257362270111779e-08, "115": 1.819705482998535e-08, "116": -8.610116668901144e-09, "117": -5.948746641115665e-09, "118": -1.0363694137463866e-08, "119": 1.7310648675996146e-08, "120": 4.143928415689668e-09, "121": -1.3752325160598655e-08, "122": 2.7267551732171325e-09, "123": -2.4165784537517887e-08, "124": -2.552700128447688e-08, "125": 9.926517252276112e-09, "126": 3.361237638742354e-08, "127": -1.999218194291552e-08, "128": 2.7053508718823116e-08, "129": -7.66620264470129e-09, "130": 4.980385348660882e-08, "131": 4.5963390545022964e-08, "132": -4.712644805643373e-10, "133": 2.4317061876263923e-08, "134": -1.534559263558291e-08, "135": 1.6124910391310254e-08, "136": 3.5585887855817816e-08, "137": 1.8086240048480716e-08, "138": -1.0760865840758749e-08, "139": 6.8118542256509484e-09, "140": 4.964583067822853e-08, "141": 9.853291593666519e-09, "142": -1.4259506210794609e-08, "143": -2.422592381562394e-08, "144": -3.8881527234186156e-08, "145": 3.345027901197062e-08, "146": 4.28379419480443e-09, "147": 2.785548558806826e-08, "148": -5.6812632069505944e-09, "149": -5.775850736924881e-09, "150": -3.543060435318157e-08, "151": -1.991062199228205e-08, "152": -3.6359758785395324e-08, "153": -2.620250054115921e-08, "154": -4.721474290529659e-09, "155": -3.588981384132495e-08, "156": -2.238513651612456e-08, "157": -1.6822301982942663e-08, "158": 2.3185101980221362e-08, "159": -1.9083748838133463e-08, "160": -4.582066319685357e-08, "161": 1.8272898152601504e-08, "162": -1.0530956448453338e-08, "163": -1.0629536330557937e-08, "164": -2.653701995061937e-08, "165": 4.276820090264033e-08, "166": -1.446484151380878e-08, "167": -2.214631504831449e-08, "168": -1.5188007861793862e-08, "169": 1.836901844694261e-08, "170": -1.2861447169429385e-08, "171": -3.4154303439701966e-08, "172": 5.538260234964898e-09, "173": -4.2041141565859336e-08, "174": 1.9250420831289257e-08, "175": -2.8495817918847144e-09, "176": -1.1715077314483624e-08, "177": 3.737912164427509e-08, "178": -4.479854742809458e-09, "179": 3.514492423646598e-09, "180": 2.207171220791615e-08, "181": 1.703973861793759e-08, "182": 1.4364407609560037e-08, "183": 8.682806479885785e-09, "184": 4.6687947609976715e-08, "185": 6.179902284179917e-08, "186": -3.2835759293872724e-07, "187": -4.501443460385238e-08, "188": 6.859393612401038e-08, "189": -2.3723678540307075e-08, "190": -3.6237969690431845e-06, "191": 3.87814422522152e-05, "192": -7.955353737820747e-06, "193": 0.0009070432167101569, "194": -0.00019204548919174403, "195": 0.0008756883945894738, "196": 0.00011068751861861023, "197": 0.00012933075358451574, "198": -0.00017645783210854145, "199": -0.00039778688233474174, "200": -0.0008630619345942891, "201": 0.002173106278293244, "202": -0.008023839436459864, "203": 0.0715624618829565, "204": -0.01171912876853693, "205": 0.036306734392452245, "206": -0.012048073247213105, "207": -0.012501321255971094, "208": -0.018369344348141102, "209": -0.04089837622488511, "210": 0.12309631172690988, "211": 0.06833388466273355, "212": 0.023646105934124327, "213": 0.004882411638088757, "214": 0.051472101887416355, "215": 0.0030000948800881296, "216": 0.015022179854579681, "217": -0.02796440697904157, "218": 0.006056989607137722, "219": -0.005030435597548761, "220": 0.030500918060815316, "221": 0.028960089856723194, "222": -0.023519784931827506, "223": 0.02471939654620239, "224": -0.0031626949231686303, "225": -0.027246742437938443, "226": -0.03282059683638282, "227": 0.11508753170234184, "228": -0.02070263103664641, "229": 0.08447293430023406, "230": 0.019224932450184393, "231": 0.013114800620175488, "232": -0.010614207651503118, "233": 0.00764170423987969, "234": -0.00981656702820532, "235": 0.01981256947055058, "236": 0.0043096807314872525, "237": -0.020834307506829353, "238": 0.027546558652665462, "239": -0.001990442494393024, "240": 0.012390914067579448, "241": -0.04915630949060174, "242": -0.06351508531004305, "243": -0.008480581408782823, "244": 0.009050214019256306, "245": 0.007778473611000736, "246": 0.02925981165829726, "247": -0.0018539489691866166, "248": -0.0552186415238765, "249": -0.032903811520128876, "250": -0.024672501991371224, "251": -0.04431170873935435, "252": -0.0499511618028277, "253": -0.03774474068713371, "254": 0.009834515501120071, "255": -0.0042907377383690475, "256": 0.0016893496364694142, "257": -0.05097759426185482, "258": 0.08762602365225072, "259": 0.007818758849340631, "260": 0.01933865800941781, "261": 0.06738543834145708, "262": 0.06918811142309934, "263": 0.03805218664025933, "264": 0.033398392354670195,