{"0": [-1.4335633336576497, 0.06887509425560889, 0.1530996427797632], "1": [0.06922445678991118, -0.026165925407176424, 0.1764986223280186], "2": [-0.010676899807484874, -0.2097894891393941, 0.24654901265624196], "3": [-0.0031190181589368926, -0.09404673366370143, 0.2325130032935474], "4": [0.0005367168850918258, 0.06595239960197682, 0.3038770453482287], "5": [5.15154847740007e-05, 0.013090461418474017, 0.16426314799688513], "6": [-1.4813036017802261e-06, -0.0009157537240623709, -0.001495853925675611], "7": [4.76201766907991e-08, 0.00011974189029996529, 0.0477040799827077], "8": [9.178603876947022e-09, 5.779364001769205e-05, 0.040121586515026786], "9": [3.805781245702633e-09, 3.761721595038625e-05, 0.03438093965078168], "10": [9.142315127164125e-09, 1.1656823974012798e-05, 0.0173133933311225], "11": [2.7511437328264776e-07, -4.769208608451647e-07, -0.0008523348274921128], "12": [-4.843142409338697e-07, 4.9437508933825036e-08, 0.0008104421431884279], "13": [-1.1209038210946431e-06, 5.4145844252673214e-08, 0.0008422253818550773], "14": [0.0004910367855623932, 5.246930195879074e-09, 0.00017291358475862717], "15": [0.009148181237573327, -2.2263085819318462e-08, -0.00011040144592167067], "16": [-0.05041591889672836, 3.578666858683466e-08, -4.802603770770464e-05], "17": [0.5807634225099136, -2.2459710906364005e-07, -6.159166407287975e-05], "18": [1.5709465065622445, 6.4089290680025e-09, 1.528621388444118e-05], "19": [1.5238795301533223, -1.4619006686034108e-06, -2.5658141791784495e-06], "20": [1.5240158214329613, -1.1293775483839363e-06, -2.3128756298229636e-06], "21": [1.5241977386245071, 3.389264916724144e-05, -7.274687421066073e-07], "22": [1.524210896183799, 0.00025223155098251515, -2.0710027079373639e-07], "23": [1.524211975895968, 0.0019791008081307543, -2.4850696805911454e-08], "24": [1.5242120003422663, 0.00702111611443966, -8.093272774178928e-09], "25": [1.5242120126598941, 0.06137240080885392, -1.7335252400219048e-09], "26": [1.5242120156719017, 0.06845015755533049, -1.673478189356814e-09], "27": [1.5242117858925768, -0.03620814911876326, 1.7664417151230793e-09], "28": [1.524207083592538, -0.08240286666915032, 1.838406776810686e-08], "29": [1.5242161171022446, -0.08187594042613021, 1.1828268808855569e-08], "30": [1.5279640338205376, -0.08053625884685832, -6.677331916560281e-07], "31": [1.5450756204965506, -0.08050357345777275, -1.4471497578882886e-06], "32": [2.0521282965310776, -0.08050451921801345, -7.430775571637405e-06], "33": [3.0141741315224486, -0.08052405903800731, 1.4071392268333316e-06], "34": [3.047969546055741, -0.0805255341054417, 3.352157184677296e-05], "35": [3.048380417789132, -0.08052557267690859, 6.218805023233687e-05], "36": [3.0484178311617347, -0.08052558109859996, 0.0002365757486605946], "37": [3.048423891608076, -0.08052560081545278, 0.0020512917316764245], "38": [3.0484240021248725, -0.08052566258117365, 0.005464358346735865], "39": [3.0484240035425927, -0.0805258405718376, 0.010884850665883017], "40": [3.0484240038430244, -0.08052597562300869, 0.013119609892771167], "41": [3.048423924225178, -0.08051076045924661, -0.08635816086092543], "42": [3.0484222576318656, -0.08039627767339032, -0.13760386353566284], "43": [3.0483922154903613, -0.07944598885610361, -0.1478365100363232], "44": [3.0480945779209305, -0.07500276538110408, -0.14900849860323123], "45": [3.066522418621094, -0.20504685927938843, -0.14831645504142105], "46": [3.2099792444669237, -0.6686927891473633, -0.1486417242662726], "47": [3.1210050341631224, -0.6435649176623255, -0.14858840394549527], "48": [4.5274601388353695, -0.18644790569634212, -0.14810302577164564], "49": [4.578610354497087, -0.15021724182176932, -0.14801554475601547], "50": [4.572695909799478, -0.1608923752747316, -0.14810959565478654], "51": [4.572616909621022, -0.16122205217715746, -0.14811610915325357], "52": [4.572635824480912, -0.16105545283620942, -0.1481099726300223], "53": [4.57263596077652, -0.16105295560322047, -0.1481098056368148], "54": [4.572636001212303, -0.16105142496512292, -0.14810962410121004], "55": [4.572635987432712, -0.1610511653204848, -0.14810956898142275], "56": [4.572635917622571, -0.16105115909875256, -0.1481095670111484], "57": [4.572647158393657, -0.16105132711115588, -0.14810958577621686], "58": [4.5729288035109, -0.16105330666854467, -0.14810969507632044], "59": [4.574678552040336, -0.16105921385958183, -0.14810987344029708], "60": [4.552350476998704, -0.16102608606718494, -0.14810940943294154], "61": [4.836269247205134, -0.16120126640016946, -0.14811030999882924], "62": [6.09587682186775, -0.1614407618814448, -0.14811029278095444], "63": [6.093834079620853, -0.1614825988490151, -0.14811044854041222], "64": [6.096535190720823, -0.15404481249255525, -0.14809556534395424], "65": [6.09686291150661, -0.11601160806068543, -0.14805897180468458], "66": [6.096849800394448, -0.21196102489773583, -0.14809209341428675], "67": [6.096847044714716, -0.32859024903374234, -0.1481065053581706], "68": [6.096847988989806, -0.24480291084832928, -0.14833815560765146], "69": [6.096848005860115, -0.24168289566881151, -0.14907700290234044], "70": [6.096848002383279, -0.24161026638741712, -0.15094437080547246], "71": [6.096847610202312, -0.24158429502698442, -0.20643992646249132], "72": [6.096839985044825, -0.24157425827557127, -0.4913187219301565], "73": [6.096869552579925, -0.24157614770961705, -0.3762729911354081], "74": [6.098391156800278, -0.24157670362484784, -0.31077441820845236], "75": [6.11069664185306, -0.2415767537685528, -0.29730910985344966], "76": [6.265045133083534, -0.24157678087421325, -0.29171806424306584], "77": [7.562982979142731, -0.24157683235503236, -0.2951855556888898], "78": [7.6117664598877735, -0.24157680359245243, -0.29575161698811997], "79": [7.620508339685204, -0.2415754480864507, -0.29612658713370416], "80": [7.621059544663, -0.24155347780875935, -0.2962265989906235], "81": [7.621062893643073, -0.24154123224083485, -0.29622979702331487], "82": [7.621060009544779, -0.24233200692493373, -0.2962190304451585], "83": [7.621060006908246, -0.24252178230667482, -0.29621899385911055], "84": [7.621060013139507, -0.22084351845199618, -0.29621909174626543], "85": [7.621059959776826, -0.33117336586343316, -0.2962190225406852], "86": [7.621060234140321, -0.14236972505534157, -0.29621899184002703], "87": [7.6210589493800835, -0.27847130016856975, -0.29621907270509407], "88": [7.62103789990352, -0.315366889524866, -0.2962191240048074], "89": [7.620833907404647, -0.321740465436131, -0.2962191454553178], "90": [7.618773996861867, -0.3221297945378668, -0.2962191544668169], "91": [7.738877260064049, -0.32206583688085655, -0.2962190447596384], "92": [9.206005174265862, -0.3221067726435911, -0.29621870944691203], "93": [9.148270578127965, -0.322102730698077, -0.29621858311575816], "94": [9.144967773286536, -0.3221022324216126, -0.2962183406363312], "95": [9.145255753778828, -0.3221023212042284, -0.29622101108258847], "96": [9.145271500536538, -0.32210233856987824, -0.29625086045320836], "97": [9.145271966820449, -0.32210243365045776, -0.2964642959665937], "98": [9.14527200828669, -0.32210629811973573, -0.3015148711161139]}