{"0": [-0.4363470008166923, 0.010889354534709086, 0.19192577153517826], "1": [0.019643926023938496, -0.0031080312466908455, 0.174887652622556], "2": [-0.004644158366504669, 0.2017041959882167, 0.2604059856778303], "3": [0.0001884945234615909, -0.04311030752591324, 0.2410702277929646], "4": [8.767279898291847e-05, -0.029988522054206504, 0.23100656041633552], "5": [1.133338978220877e-08, -0.00041548491120309283, 0.0822788001426314], "6": [2.766902178485964e-07, -0.0006315589278342165, 0.08643730517944853], "7": [1.5858774737864678e-08, -0.00010238923283512058, 0.049898332760970276], "8": [1.1153107326578038e-09, -2.952142266095248e-05, 0.0358666763131415], "9": [1.069748289950212e-09, -2.8930092819567932e-05, 0.03560530981219487], "10": [1.9554281749378788e-08, -3.4465258572785595e-06, 0.009107145983252352], "11": [1.893955623444299e-07, -5.4682439645792336e-08, 0.001146613975337607], "12": [-1.6852741424600026e-11, -1.1067459539104707e-07, 0.0014243430350300568], "13": [2.82868336989317e-05, -2.0647076201529835e-08, 0.00047579470650191413], "14": [0.0005474230662327884, -2.309769764341496e-09, 3.036621669813555e-05], "15": [0.003062569385592795, -4.7118239171473064e-09, -2.5529781767202886e-05], "16": [0.09234636507446403, -6.096354367157719e-08, -7.734749016255482e-05], "17": [1.4476611409454385, -4.0700471469479194e-07, -2.025043245149072e-05], "18": [1.5294370586210642, -2.3339412134892878e-07, 4.6973526935667476e-06], "19": [1.5239035388638178, -1.1433405356087167e-06, -4.120461143425347e-06], "20": [1.5241676971995521, 1.4894762129652461e-06, -1.9615000474149102e-06], "21": [1.5242103059285301, 3.299238182344344e-05, -3.8019934783806164e-07], "22": [1.524211846041891, 0.0001452146613691585, -1.2548310121540673e-07], "23": [1.524211995034468, 0.0012893774396597474, -1.9555985192321046e-08], "24": [1.5242119995143963, 0.006973670818283748, 3.957687788602726e-10], "25": [1.5242119902062292, 0.0211327943062168, 3.3565238644062134e-09], "26": [1.524211925398315, 0.06361578324213076, 4.2107821951464786e-09], "27": [1.5242118865873562, 0.0688824249439139, 3.927639852241427e-09], "28": [1.5242061289281765, 0.07824194676239192, -8.651633465195374e-09], "29": [1.5240028650213313, 0.0805842889223309, -1.1571691782563676e-07], "30": [1.5247195890325171, 0.08053174881545151, -2.5238189760301566e-08], "31": [1.74119874603895, 0.08044640280514744, 6.8934328925351895e-06], "32": [3.0624310416007803, 0.08052785135198727, 1.4804510641869273e-05], "33": [3.0504801342814525, 0.08052619968416654, 1.6625046577234404e-05], "34": [3.0484540199045225, 0.0805256024914257, 3.9764030887651236e-05], "35": [3.0484246979283633, 0.08052558379773135, 6.365135172253789e-05], "36": [3.048424005486168, 0.08052558294957889, 9.877542066386025e-05], "37": [3.0484239872377645, 0.08052558337148492, 0.00019408453999078534], "38": [3.048424002366503, 0.08052549202845678, -0.009935008102066795], "39": [3.048424003072213, 0.08052480177083655, -0.051004591677516364], "40": [3.0484240019993982, 0.08052199332651035, -0.13663418973783473], "41": [3.048423998668856, 0.08051888061841549, -0.1634311976395483], "42": [3.0484241084761874, 0.0805591849112438, -0.1508456211472883], "43": [3.048426301169451, 0.08093832922912543, -0.14859550145561887], "44": [3.0484739628187785, 0.0849080908415586, -0.1482646096715741], "45": [3.0509705937328797, 0.1847916594039522, -0.14815322075048112], "46": [3.0569851312422416, 0.28997843076643876, -0.1482162904297248], "47": [3.1054135215113283, 0.3243244112249661, -0.14825746216693472], "48": [4.490891061552885, 0.1807988323731507, -0.14815146245113106], "49": [4.569320897893947, 0.16294945243692943, -0.148121112196716], "50": [4.5726578131740805, 0.16101781492268524, -0.1481090469169922], "51": [4.572639558365799, 0.16104247166048757, -0.14810940153668908], "52": [4.572635523076507, 0.16105405177123572, -0.14810971548803722], "53": [4.572636005316815, 0.1610511781022413, -0.14810957431613528], "54": [4.572636003804027, 0.1610511967140268, -0.14810957597404592], "55": [4.572636004195118, 0.16105117180551654, -0.1481095700966835], "56": [4.57263597405964, 0.1610511702688575, -0.14810954284366265], "57": [4.572636145926705, 0.16105115792239827, -0.14810958121214948], "58": [4.572655046025531, 0.16105049647735697, -0.14811070700147602], "59": [4.572856044033598, 0.16104714791207003, -0.14811378752361795], "60": [4.572486506193874, 0.1610498409520782, -0.1481126537491473], "61": [4.56261794262806, 0.16107981671973648, -0.14810801605199267], "62": [5.777691049477282, 0.1593725465956502, -0.14823649167658678], "63": [6.092780573724651, 0.1610326576295938, -0.14803620998472308], "64": [6.097313768633038, 0.16761723889490016, -0.14763436461508336], "65": [6.096871317810841, 0.11895770958440856, -0.14924488244762948], "66": [6.096834503556595, 0.003645920735076011, -0.15066154676394497], "67": [6.096846951132081, 0.2030536227846444, -0.15021580982691227], "68": [6.096847922746509, 0.23547292636962475, -0.15363570035310795], "69": [6.096848002606034, 0.2409573238653035, -0.20221660536437627], "70": [6.096848010299542, 0.24180479260854693, -0.4920228825668995], "71": [6.0968479969589175, 0.24158081260763092, -0.2780991062121616], "72": [6.096847916314067, 0.24156827962360528, -0.25504967539978907], "73": [6.096853130382524, 0.24157612059894168, -0.29069672911568256], "74": [6.0968761866158, 0.2415767598663464, -0.2963706221275063], "75": [6.0967933199151645, 0.24157674906478693, -0.2962003319188137], "76": [6.105397756581606, 0.24157675187857225, -0.2962909702495513], "77": [7.178229711538302, 0.24157672388013857, -0.2962970968001264], "78": [7.622003550881926, 0.24157672946333242, -0.29621865222865096], "79": [7.621258939138219, 0.24157672265010804, -0.296219149025305], "80": [7.621022958128217, 0.24157625926773868, -0.2962198631082227], "81": [7.621055518441677, 0.24158068783251124, -0.29621938755768884], "82": [7.6210599247949045, 0.24165667689264925, -0.2962191499738198], "83": [7.621060011137823, 0.24219083720151785, -0.29621912634323644], "84": [7.621060008270094, 0.2382866800954921, -0.2962191565901027], "85": [7.621060006752005, 0.22474305366137043, -0.29621920579033567], "86": [7.621060018856712, 0.27547429368164367, -0.2962191549972848], "87": [7.621060003817574, 0.24842222497115052, -0.2962191645223675], "88": [7.621060150863583, 0.29783225862212553, -0.2962191893869831], "89": [7.621063396341555, 0.3249191033975793, -0.2962193881252554], "90": [7.621005869754571, 0.32261327069448337, -0.29621860919609644], "91": [7.619252156543046, 0.32213103363819495, -0.2962125671040594], "92": [7.626030148537339, 0.32214885598316273, -0.29621823247911316], "93": [8.337845832903572, 0.3221485025987049, -0.29634550550890537], "94": [9.125441309990384, 0.3221045988872238, -0.29625121466007964], "95": [9.145217855701064, 0.32210233810977745, -0.2958677733563859], "96": [9.145293690476786, 0.322102320453997, -0.295584370012994], "97": [9.145273107417689, 0.3221023261565976, -0.31168615465123206], "98": [9.145272034297138, 0.32210227211897485, -0.4347096799923772]}