{"0": [-0.4622351960260598, 0.011017236840939665, -0.19844105512840238], "1": [0.016156653638591312, -0.0035530877554506846, -0.17779069808822545], "2": [-0.003908490052148217, 0.16635274967710442, -0.25922965069833337], "3": [7.96171747881047e-05, -0.030920332571201636, -0.2441278133989326], "4": [9.436254342021222e-05, -0.03282782077742477, -0.24572136232308375], "5": [1.98864581379965e-06, -0.0019219201203339586, -0.09347534708523746], "6": [2.1317661591524484e-07, -0.0004913676378033582, -0.06695630007940433], "7": [1.2934124882235665e-08, -8.847797872997554e-05, -0.04097838578356003], "8": [1.639296254296596e-09, -3.354093148238979e-05, -0.031472879939545326], "9": [1.0158123231462923e-09, -2.617738314025786e-05, -0.028648469154204992], "10": [1.670144023080411e-10, -3.641424431988227e-06, -0.00805476914406178], "11": [-1.3828027611850757e-10, -2.2243506023200688e-08, -0.0005845278275662669], "12": [7.583844663372474e-11, -6.180985337445044e-08, -0.0007574986013453855], "13": [-1.645839020625317e-11, -2.0584500340370404e-08, -0.00038300158747567314], "14": [9.49097911373542e-10, -1.1602988292391814e-09, -2.271320882157868e-05], "15": [9.76222214177369e-10, 1.2309032959567645e-10, 2.3273019645719817e-05], "16": [9.285407998049777e-10, -1.9620588487256896e-10, -2.68081881471538e-06], "17": [1.0916698656160406e-09, -1.8820932312646477e-10, 2.1008815506706746e-07], "18": [1.0854335208421162e-09, -4.1026382291420305e-10, 4.033848285123209e-06], "19": [2.269630483553442e-09, 6.040340727597737e-10, 1.2850297778921327e-06], "20": [2.2399988530708015e-09, 2.696987161376896e-09, 2.761867861633682e-07], "21": [3.5248590712910755e-09, 4.326378269525755e-09, 8.669953768802863e-08], "22": [3.464477371650787e-09, 4.8818186576538025e-09, 1.1997389026685568e-08], "23": [3.383131330636502e-09, 6.03725006098621e-09, -3.0081350188559952e-09], "24": [3.2450133691241945e-09, 6.147030828795863e-09, -4.202757641902366e-09], "25": [3.273587623198182e-09, 5.195262081647556e-09, -2.920719111010328e-09], "26": [2.8104860660960185e-09, 5.170999045622793e-09, -3.0131411254963325e-09], "27": [2.7131534796609458e-09, 6.927398349398928e-09, -3.980437257578018e-09], "28": [2.9098938814087205e-09, 6.919811834649181e-09, -3.926117209118729e-09], "29": [2.8863569312420623e-09, 9.137360562627705e-09, -4.211050952385165e-09], "30": [2.1979205122590884e-09, 8.992819433562005e-09, -5.20692505778797e-09], "31": [2.1632304836316507e-09, 8.452093247512948e-09, -5.187534790618287e-09], "32": [1.6093408827799749e-09, 8.372059878691829e-09, -3.3061403059697625e-09], "33": [1.616466960285834e-09, 8.568534048958298e-09, -3.000284243270812e-09], "34": [3.938471770936758e-11, 7.248476929788694e-09, -2.048256342312982e-09], "35": [4.524070007505543e-11, 6.186498327509504e-09, -4.056488700499017e-09], "36": [7.569158633202733e-10, 5.7090966815165345e-09, -3.856517494238432e-09], "37": [7.569149751418536e-10, 5.709820019572653e-09, -3.833292738786298e-09], "38": [2.969833268195998e-10, 6.024243548452546e-09, -3.757589517316973e-09], "39": [2.9694913195044137e-10, 6.0560574333123895e-09, -2.7678914715778546e-09], "40": [-3.951798888124358e-10, 6.529569107627253e-09, -2.510463670279961e-09], "41": [-3.952373983651114e-10, 6.577948408192924e-09, -1.994180598430262e-09], "42": [-1.612737721146118e-09, 7.424675041445283e-09, -9.491330221766958e-10], "43": [-1.6126686652739863e-09, 7.36984319404943e-09, -1.7742227131911648e-09], "44": [-3.1305411596349586e-09, 8.408332669018748e-09, -1.1118919673869243e-09], "45": [-3.252957903043807e-09, 9.448751614460349e-09, -8.57943383003601e-10], "46": [-4.6510568729729584e-09, 9.491469082911763e-09, -7.733072238114147e-10], "47": [-4.793554442272807e-09, 1.0691775284565885e-08, -2.199498694288593e-09], "48": [-4.9067070406749735e-09, 1.0694239840902675e-08, -2.2337179883535896e-09], "49": [-5.6489126709635684e-09, 1.0348187917674778e-08, -1.8634577769738314e-09], "50": [-5.649154255493727e-09, 1.0352741566799217e-08, -4.662656649667696e-09], "51": [-1.1724789583666961e-08, 8.236561349628246e-09, -2.8194785117729992e-09], "52": [-1.1738554128726264e-08, 1.027216736670944e-08, 1.769060453682414e-09], "53": [-8.665883566294497e-09, 1.171358815499346e-08, 2.267332904759556e-09], "54": [-8.665227646531548e-09, 1.1618210865593781e-08, 2.113138719561647e-09], "55": [-7.877886343266027e-09, 1.1988612200197757e-08, 2.3954380146129495e-09], "56": [-7.881326702374736e-09, 1.248843303769398e-08, 3.1308642900462758e-09], "57": [-4.285894084077313e-09, 1.4292628233714133e-08, 4.776750606172442e-09], "58": [-4.285009014282082e-09, 1.4177983842511566e-08, 4.645895279598022e-09], "59": [1.4607830500779073e-09, 1.6887941226007008e-08, 6.0996127038137615e-09], "60": [1.4711820650603613e-09, 1.554312469009833e-08, 5.168356520535156e-09], "61": [-3.832061334918535e-10, 1.467013746592194e-08, 5.155338211881855e-09], "62": [-3.8269920565880966e-10, 1.4604140063934068e-08, 5.008715164844801e-09], "63": [-6.176807954005881e-10, 1.449503961303833e-08, 5.059879459867744e-09], "64": [-6.178610956197872e-10, 1.4518535332297411e-08, 5.112013035102336e-09], "65": [-1.8239585397594738e-09, 1.3958550038051243e-08, 5.374407530123193e-09], "66": [-1.8298780268821702e-09, 1.4729600733565107e-08, 7.087668230099098e-09], "67": [3.5504021944632314e-09, 1.7227577184253384e-08, 5.917104473063262e-09], "68": [3.5520837382563286e-09, 1.7008393332629268e-08, 5.429790839173165e-09], "69": [4.967636524355612e-09, 1.7665864188165514e-08, 5.126318564085963e-09], "70": [4.96731544785689e-09, 1.7707287344737033e-08, 5.213337817000507e-09], "71": [7.519997291538516e-09, 1.8883680244496936e-08, 4.4952792599417535e-09], "72": [7.522064526810368e-09, 1.8565088272248786e-08, 3.166378187424712e-09], "73": [1.2274267380263382e-08, 2.0771513078998716e-08, 2.1714541831308054e-09], "74": [1.2286278217032987e-08, 1.8920687822054916e-08, -5.491693572112766e-09], "75": [4.293585043058101e-09, 1.520963181789181e-08, -4.004505310684081e-09], "76": [4.291673683098907e-09, 1.550408620931698e-08, -2.8214885983146587e-09], "77": [2.7474196251375815e-09, 1.3289493810964004e-08, -1.8577006044573352e-09], "78": [2.7391773294027644e-09, 1.4559353250787055e-08, 3.2440539698974646e-09], "79": [3.666524861500875e-09, 1.5889255883250186e-08, 2.665072051932782e-09], "80": [3.665399095353905e-09, 1.6062685681550448e-08, 3.3618506034560625e-09], "81": [3.9709493471207225e-09, 1.650087569360359e-08, 3.1710658543460113e-09], "82": [3.967858486220166e-09, 1.697707818770766e-08, 5.084144383271649e-09], "83": [4.999920255599477e-09, 1.8457163741825156e-08, 4.439082018636853e-09], "84": [5.001521863334801e-09, 1.8210389390871384e-08, 3.447029273129232e-09], "85": [4.710863032997281e-09, 1.8219241920691687e-08, 3.433940187758111e-09], "86": [4.709676204583957e-09, 1.8402133608597104e-08, 4.162286570963403e-09], "87": [4.564714606303255e-09, 1.8406553878302923e-08, 4.162653638450919e-09], "88": [4.562604072333443e-09, 1.873204556746e-08, 5.5859045722250755e-09], "89": [4.901525407774443e-09, 1.8721712402580692e-08, 5.636749372817107e-09], "90": [4.9008130886818435e-09, 1.8830807399505822e-08, 6.077246594848873e-09], "91": [5.324037211096311e-09, 1.8819499639222137e-08, 6.140697450529586e-09], "92": [5.324818364016437e-09, 1.8676826335495278e-08, 5.520857299101678e-09], "93": [5.559552596068329e-09, 1.8642546700808893e-08, 5.571355654598875e-09], "94": [5.583014051069313e-09, 1.7151036008078435e-08, 3.6946535830750804e-09], "95": [4.376416118390125e-09, 1.7187655909634003e-08, 3.536087089806017e-09], "96": [4.385315000021706e-09, 1.66219326080963e-08, 2.820359779054371e-09], "97": [2.316450586903329e-09, 1.6684721423909643e-08, 2.544937316439899e-09], "98": [2.2725057391426162e-09, 1.9478431645403305e-08, 6.114305894922012e-09]}