{"0": [-1.4393451030515758, -0.07072125240230655, -0.1525962107637043], "1": [0.04406288793946511, 0.013647187509864336, -0.17480427834994647], "2": [-0.004566854726587799, 0.12748567408291817, -0.2211730270867858], "3": [-0.002656034911489691, 0.09586657251804194, -0.2169198252905106], "4": [0.00034536312498589794, -0.05104117956746924, -0.2744848668666906], "5": [5.365978539662031e-05, -0.015952266610502974, -0.19398162251508985], "6": [1.0723832974957048e-06, -0.0005101499914960256, -0.01992050824427255], "7": [-3.068620126889243e-07, 0.0005314702681215588, 0.027011131371985436], "8": [-1.1769304641973122e-08, 1.6254536941845421e-06, -0.034422895003080586], "9": [7.721627337531345e-09, -7.750371026900293e-05, -0.055258346056407434], "10": [-4.30336299928058e-09, -1.1699661411540552e-05, -0.014828203714689708], "11": [-9.694788305480984e-09, 1.4275383666412234e-06, 0.0038266443686539864], "12": [-8.487944791468749e-09, -3.268808476675211e-08, -0.00044775027058027717], "13": [-8.489044134307733e-09, -2.843916026284976e-08, -0.00042150059777626425], "14": [-7.851493677435428e-09, -6.58266534336871e-09, -0.000109838722884531], "15": [-7.812145597085873e-09, -3.4414324723286427e-09, 2.8593916154978638e-05], "16": [-7.931564294239024e-09, -3.3885797917632132e-09, 3.821817414423334e-05], "17": [-8.000123008500282e-09, -9.002313755557267e-10, 2.6588672418226267e-06], "18": [-8.004411133910594e-09, -6.749634878788768e-10, 1.053507062087622e-06], "19": [-8.024863440425634e-09, -2.21821352952567e-10, 8.519696169939639e-07], "20": [-8.019225949951192e-09, -2.5575895568064055e-10, 3.702765537239028e-07], "21": [-7.727172235405533e-09, -3.292120562270462e-09, 1.556461275142862e-07], "22": [-3.8766860832595285e-09, -3.267494719239039e-09, 2.9366429038502062e-08], "23": [-3.5008442811346185e-09, -9.876090639737711e-10, -1.464663001993216e-09], "24": [-2.3178303720783333e-10, 2.6374506745252546e-10, -7.30363136636214e-09], "25": [-5.218270260343161e-11, 6.937754121194573e-10, -6.91945042929909e-09], "26": [5.700024896526656e-10, 2.6941894548659917e-10, -6.307252387038886e-09], "27": [1.811533145712474e-10, 6.242121125543676e-10, -7.190751105667914e-09], "28": [3.261497960593829e-09, -6.113176770350393e-10, -7.681165120621003e-09], "29": [3.642767865130736e-09, -6.112666345314821e-10, -7.806184088021695e-09], "30": [3.830672445914729e-09, -6.149264014654321e-10, -8.041559612648186e-09], "31": [3.950473725922166e-09, -6.398588742184685e-10, -7.433544280122106e-09], "32": [8.886427593779445e-09, -1.0099179686973159e-09, -9.886262974934112e-09], "33": [8.884851965262897e-09, -8.188209554838011e-10, -9.010431234468541e-09], "34": [1.3206620907979527e-08, 3.32176550155161e-10, -7.562525522475383e-09], "35": [1.3679996024862362e-08, -8.724460584530469e-09, -8.059119094294687e-09], "36": [2.0880670748013586e-08, -8.129658904398873e-09, -7.460254358715446e-10], "37": [2.0229286246120637e-08, -1.0616800535934168e-08, -2.836969742459061e-09], "38": [2.082886707555076e-08, -1.0808286043939574e-08, -2.7793226053951514e-10], "39": [2.1051092202739596e-08, -1.1537402949679532e-08, -8.793119843364394e-10], "40": [2.1300802677259867e-08, -1.1484703341113622e-08, 8.027216391592873e-10], "41": [1.9876705614763068e-08, -8.12270985195429e-09, 3.6349235288390958e-09], "42": [1.9275265383811302e-08, -8.298091311309541e-09, -3.809638771112844e-09], "43": [1.7685040987203138e-08, -8.886307731326148e-09, -4.225222921538929e-09], "44": [1.771331614719429e-08, -8.95403737266598e-09, -4.303348649647987e-09], "45": [1.7365381133060964e-08, -8.99419914934807e-09, -4.234637029920663e-09], "46": [1.630817991760125e-08, -7.0722379064136476e-09, -1.9584570909447763e-09], "47": [1.4483537480458608e-08, -7.282684219567237e-09, -1.5964837785098496e-09], "48": [1.5419746146605462e-08, -8.559445416334022e-09, -3.1610215833755007e-09], "49": [1.3575977675372997e-08, -8.779626234356463e-09, -2.6260304764047504e-09], "50": [1.7907164195918313e-08, -1.4334266731919065e-08, -9.358682412363706e-09], "51": [1.812057037753334e-08, -1.438203042769537e-08, -9.491636393521574e-09], "52": [1.791070092238556e-08, -1.4275309601075037e-08, -9.231942432741391e-09], "53": [1.7550966457946515e-08, -1.5657496590937292e-08, -1.2017562250887792e-08], "54": [8.672866869119389e-09, -1.4749207841169287e-08, -2.0292715563474673e-08], "55": [8.671136253468603e-09, -1.4647251064814348e-08, -2.0203345024727426e-08], "56": [8.165895071243767e-09, -1.4675504325656341e-08, -2.0667613898073256e-08], "57": [8.18495937693342e-09, -1.5798585981108282e-08, -2.1660547827595522e-08], "58": [7.509212807121912e-09, -1.5836372893596184e-08, -2.2281664013856783e-08], "59": [7.514659783325328e-09, -1.6157242418990414e-08, -2.256424772029142e-08], "60": [4.942561693255243e-09, -1.630113734274463e-08, -2.4927609448832655e-08], "61": [4.920443608114056e-09, -1.5217849494431057e-08, -2.4507146340058128e-08], "62": [7.10533032410865e-09, -1.5096759453658848e-08, -2.253706651855758e-08], "63": [7.0971650778517414e-09, -1.470172530937397e-08, -2.241600985386505e-08], "64": [1.3029402001762946e-08, -1.4312522597648147e-08, -1.9124016537030997e-08], "65": [1.305031838150228e-08, -1.5771555242349855e-08, -2.029815329707141e-08], "66": [2.224456130406338e-08, -1.724152340343288e-08, -1.5537804626264418e-08], "67": [2.2426609902481687e-08, -2.6159600999275945e-08, -2.144801200532065e-08], "68": [1.8871912921269995e-08, -2.5605196615763326e-08, -2.4918651447825013e-08], "69": [1.898059753813186e-08, -3.092458128461928e-08, -2.6620700283030985e-08], "70": [1.4307382834033433e-08, -3.017724321818793e-08, -2.894259296115642e-08], "71": [1.4302784734354645e-08, -2.9952144584011187e-08, -2.8858232442585674e-08], "72": [1.247715664121074e-08, -2.9662092684845653e-08, -3.005053464399943e-08], "73": [1.2451677466884803e-08, -2.841543474130237e-08, -2.9781056037903042e-08], "74": [1.8986812122534502e-09, -2.673580055956304e-08, -3.606184645343902e-08], "75": [1.7842174404592015e-09, -2.113531713532346e-08, -3.618298152763266e-08], "76": [5.269140679331485e-10, -2.0934562958152547e-08, -3.681807467237341e-08], "77": [4.5822501348879996e-10, -1.758878849511536e-08, -3.694026193268307e-08], "78": [7.800785351008699e-09, -1.8770918319699348e-08, -3.335209744492751e-08], "79": [7.81505971048091e-09, -1.947895976461833e-08, -3.337637471956256e-08], "80": [5.300292427179443e-09, -1.9090648922803766e-08, -3.479266783013024e-08], "81": [5.253008694694472e-09, -1.6982790881914234e-08, -3.56324241501671e-08], "82": [1.2820383643585842e-08, -1.8425712344782852e-08, -3.4465743925515824e-08], "83": [1.2878019983730837e-08, -2.1311827871905997e-08, -3.5329012965101825e-08], "84": [1.619267098185162e-08, -2.1851354031765524e-08, -3.4833700174319304e-08], "85": [1.6224719345814265e-08, -2.3229994039475343e-08, -3.310135426870531e-08], "86": [2.3492917611278585e-08, -2.36609508930119e-08, -3.071553913991387e-08], "87": [2.349286365443959e-08, -2.3616260239056608e-08, -2.7391167056745047e-08], "88": [2.4776564799822154e-08, -2.3692375714090552e-08, -2.6969818350819352e-08], "89": [2.4776523499525638e-08, -2.3658440720386587e-08, -2.44457642739615e-08], "90": [1.940769900343753e-08, -2.334009853444119e-08, -2.6207996689509017e-08], "91": [1.940769855934832e-08, -2.3339750063189335e-08, -2.6182076062752913e-08], "92": [1.5141521814143744e-08, -2.3086789077697567e-08, -2.7587668788298103e-08], "93": [1.514154290838121e-08, -2.3103993121442734e-08, -2.8867360113427054e-08], "94": [1.9369299053551003e-08, -2.335468270164842e-08, -2.7474470309929444e-08], "95": [1.936926685708329e-08, -2.3328595097349414e-08, -2.5533734848703915e-08], "96": [1.4874133480446972e-08, -2.306204867352779e-08, -2.7015372161542928e-08], "97": [1.4874153464461415e-08, -2.307861009243073e-08, -2.824771225262701e-08], "98": [1.665051008181706e-08, -2.3183941780247075e-08, -2.7662207441325748e-08]}