{"0": -5.460401121841138e-08, "1": -2.2581965355376182e-08, "2": -2.9642238593601336e-08, "3": 2.5524125437347e-08, "4": 8.566471499174555e-10, "5": 6.704910484461868e-09, "6": -1.739674764097629e-08, "7": -2.3790578189755718e-08, "8": 5.120692293759596e-08, "9": -3.4079556511870668e-09, "10": -2.7622617408250977e-08, "11": -8.106524057062414e-09, "12": 5.1624765816382645e-09, "13": 5.414732234636233e-10, "14": 2.2800583495893867e-08, "15": -2.4424313045147417e-08, "16": 7.765258797304622e-09, "17": 5.762081109776315e-09, "18": -2.417553227312269e-08, "19": 3.255551265027301e-08, "20": -1.3483424204409344e-08, "21": -1.879303065249749e-08, "22": -3.2447831260426496e-08, "23": -1.3557661746738114e-08, "24": -2.692615090529177e-09, "25": -5.2647954025888954e-09, "26": 5.0670210462351595e-08, "27": -1.6917392770075118e-08, "28": 3.0319752038904246e-08, "29": -4.913498229163274e-08, "30": -4.493361754984854e-08, "31": -1.521887760605467e-08, "32": 1.6257818639085764e-08, "33": 1.5433650727217363e-08, "34": -1.0145648598807941e-08, "35": 3.319140579830654e-08, "36": -5.923173315930744e-08, "37": 1.5097188123779082e-08, "38": 7.663482470138261e-09, "39": 8.893076365156655e-09, "40": 4.808641425151083e-09, "41": 1.7224657648112762e-08, "42": -2.155770719748651e-08, "43": 2.1450552827040337e-08, "44": 1.5795011196109016e-08, "45": -3.8996401503788025e-08, "46": 2.9760210015078448e-08, "47": -5.139712717927569e-10, "48": -2.622839197045923e-08, "49": -2.020769997515548e-08, "50": 2.82263246404596e-08, "51": 1.4943342127940462e-08, "52": 1.0001888480848722e-08, "53": -2.0465096631228086e-12, "54": 2.144289963776011e-08, "55": -7.134151051163551e-09, "56": 1.239295268663787e-08, "57": -4.9128956246084765e-09, "58": -4.135229224972933e-08, "59": -4.612017818822131e-08, "60": 4.414886034878607e-09, "61": -9.33552193015108e-09, "62": 1.8728338483341156e-08, "63": 1.689792909916575e-08, "64": -3.3810185822921723e-09, "65": -1.7215920683835706e-08, "66": 2.0897058064864305e-08, "67": -2.02089272757517e-08, "68": -4.7552551961198286e-08, "69": -3.094359584190909e-08, "70": 5.8508421944131195e-09, "71": 7.1017120500255215e-09, "72": 2.8720836387982618e-08, "73": -9.273577825791302e-09, "74": -1.034260237609691e-08, "75": 2.196867659228635e-08, "76": 1.5221606232407314e-09, "77": 1.8430615108524714e-08, "78": -4.867308270838089e-09, "79": 8.470497566814145e-09, "80": 4.0520407298396885e-08, "81": 1.080675225868799e-08, "82": -1.8676418345880963e-09, "83": 2.3246782841161023e-08, "84": 8.627302344743626e-10, "85": 4.29715461911645e-09, "86": -3.039447667597256e-08, "87": -3.125402295257526e-08, "88": 2.4215540192842888e-08, "89": -2.6898839025971122e-08, "90": 8.560027491954364e-09, "91": 2.0583992420709213e-08, "92": -4.872072791213544e-09, "93": -1.3781203907214934e-08, "94": -2.575236608941961e-08, "95": -3.914504714298828e-09, "96": -2.516270036084789e-09, "97": 2.4139487099983023e-08, "98": 6.525863814350191e-08, "99": -1.7897460985287494e-07, "100": -1.3798645006994625e-07, "101": 4.096217792392068e-06, "102": -5.029607513383494e-06, "103": 3.158632788997657e-05, "104": 0.00023939513471289003, "105": 0.00044747010393185634, "106": 9.939374341631779e-05, "107": -0.04652275110421168, "108": 0.003197132753499544, "109": 0.02652924488611101, "110": -0.019907341763426012, "111": 0.016139977186341418, "112": -0.009856112933942928, "113": -0.0064317379566512616, "114": -0.02505446186178933, "115": -0.007443138934034935, "116": 0.06508022333237694, "117": -0.07710319068414861, "118": -0.19381449409706322, "119": 0.07137081399347826, "120": -0.010574672919239901, "121": 0.030574383423330145, "122": -0.3055314058520304, "123": 0.06354456860463856, "124": -0.030735707707039737, "125": 0.03928886476801468, "126": -0.024752075169990985, "127": 0.2234781795713796, "128": -0.09262889129107157, "129": -0.06460795009313769, "130": 0.15197986815752001, "131": -0.0614581250919385, "132": -0.02573992556470121, "133": -0.12295802719737674, "134": -0.14121614516645095, "135": 0.11750650862694212, "136": 0.13169187066068547, "137": -0.08303325956040461, "138": 0.0629015074670386, "139": 0.06727088452662972, "140": 0.10056866289396216, "141": -0.08451634740071623, "142": -0.1655236178966277, "143": 0.341121635067485, "144": 0.1760890027842943, "145": -0.13490993685379493, "146": -0.1349740348904557, "147": -0.14538741526114207, "148": -0.05290709813969644, "149": 0.0375592429032633, "150": -0.15879668994862806, "151": -0.07087696150752619, "152": 0.0970970294328931, "153": -0.06575602843425424, "154": 0.03131442623039684, "155": -0.05856963892609979, "156": -0.05411796279046695, "157": -0.013517260868724804, "158": -0.02096513527317412, "159": 0.005755793050249466, "160": -0.13317343416483313, "161": -0.009624369665494927, "162": -0.03364485175018543, "163": 0.005795237709899027, "164": -0.02003953212096412, "165": 0.013178763766291929, "166": 0.009792914301899656, "167": 0.03284110488260587, "168": -0.12548074446100346, "169": 0.0029214488255684705, "170": 0.021953225901589872, "171": -0.026413782193285107, "172": -0.004823402403947382, "173": -0.05188612120261895, "174": -0.011032901115945702, "175": 0.08228785140185288, "176": 0.05401777957763522, "177": 0.05641447599132861, "178": -0.016981205216639577, "179": -0.031669497153626325, "180": -0.07104322207168012, "181": 0.023348145614421906, "182": 0.057454945448994016, "183": -0.12143837207570143, "184": 0.020292780158345423, "185": -0.04947222571513184, "186": -0.07623432994600501, "187": -0.14373444156752171, "188": 0.04239520933915414, "189": -0.14182477374106728, "190": -0.06799252669750004, "191": -0.13277428193503682, "192": 0.027420467406080777, "193": 0.036289497091638145, "194": -0.09532958757224479, "195": 0.007053090548684759, "196": 0.12215546551765888, "197": -0.20318788696666673, "198": -0.10381778454654852, "199": -0.0585391493572675, "200": -0.05220028360501646, "201": 0.03384758021795466, "202": 0.15855522609268413, "203": 0.08306417440611427, "204": 0.08843199830079776, "205": -0.05557150705571344, "206": 0.00024985006409992266, "207": -0.07025373451357395, "208": -0.0020680873000723347, "209": -0.0338530697097625, "210": 0.09955848070176372, "211": 0.10268004667208036, "212": 0.03723659061146105, "213": 0.008685963660765895, "214": -0.09773141488869087, "215": -0.015057033169586093, "216": 0.011023160288459035, "217": 0.059642061349434825, "218": 0.03613236705186505, "219": 0.0766785253358831, "220": 0.026551667669849004, "221": -0.09445539190856783, "222": 0.07898240265605153, "223": -0.02903565505290737, "224": 0.08295085253959698, "225": 0.051841351480319306, "226": -0.00339828267759366, "227": 0.10500144460269899, "228": 0.07336938290433635, "229": 0.03910498969875128, "230": 0.01716704991519312, "231": -0.052221783435006594, "232": -0.04647347841363317, "233": -0.0650706498124771, "234": 0.004257276183587466, "235": 0.0060502514758948136, "236": -0.024316675687370507, "237": -0.028254750414414432, "238": -0.017346923546914885, "239": -0.06877117442568825, "240": -0.0038999121762468437, "241": 0.06338157164775245, "242": 0.0770338207969274, "243": -0.03462243030650594, "244": -0.01168500906207668, "245": 0.03776821401984521, "246": -0.015787350485865673, "247": 0.04179476999513431, "248": -0.053845040092725636, "249": -0.08509532794573219, "250": 0.034799213814474074, "251": 0.010129524271185433, "252": 0.09863840847517119, "253": -0.02528391450775098, "254": 0.022537032801767262, "255": 0.011673898952404404, "256": -0.0004227546400586545, "257": -0.07409864569875974, "258": 0.07055411033239342, "259": -0.00460104981780719, "260": -0.02315605551441628, "261": -0.06926223723294264, "262": -0.027586752922287478, "263": -0.007841235824758638, "264": -0.06403683943651536, "265": 0.03851889182987867, "266": 0.05312405902963112, "267": -0.162627963501433, "268": 0.11156822305071404, "269": 0.006472123212925308, "270": -0.04431185474826001, "271": 0.004840672425558962, "272": 0.054146409069832487,